OTTERNO,Date,Ottername,Blood Kit#,Region,PermitType,CaptureTime,General Location,Area,Captur_Loc-N/S,Capture_Loc-E/W,Previously Captured?,Capture Team,Capture Method,Caught with pup?,Caught with others?,Palpably Pregnant?,Right Tags,R-New?,Left Tags,L- New?,R Pit Tag #,R-working?,L Pit Tag #,L-working?,Radio Tag Freq,VHF type,TDR #,Capture Comments,Sex,AgeClass,Grizzle,Nose Wound,Weight (lbs),Weight (kg),Length (cm),Girth (cm),Tail Length (cm),Right paw width (mm),Baculum length (cm),General Tooth Wear,Incisor Comments,Canine Comments,Molar Comments,Canine width (mm),Oral lesions,Age Estimate,Age Estimator,Digital Photo of Mouth,Digital Photo of Nose,Tooth Age Est,Tooth Age Est Quality,Appearance Comments,Pup UON,Pup sex,Pup Weight (kg),Pup Length (cm),Release Type,Release Loc-N/S,Release Loc-E/W
N-1179-03-S,11-Jun-03,907-03M,,BSR,,,,,,,NO,,,NO,NO,NO,PI-1/2-66,NO,CH-1/2-6650-,NO,,NO,,NO,,,,,,,,,,,,,0,,,,,,,3.2,,,,NO,NO,,,,,,,,,,
N-1345-08-S,5-Nov-08,4.605,400,BSR,TINKER/ESTES,10:40,Mill Creek,KIRK,35.95215,-121.496117,NO,BODKIN/ESSLINGER,Wilson Traps/ Divers,NO,YES,NO,WH-4/5-MBA40,YES,CH-1/2-154,YES,,NO,4A3F761C70,YES,164.605,Thermister,890177,,m,a,3,3,58,26.3,125.8,71,31,33.5,17,Heavy,,,,9,,10,STAEDLER,NO,NO,,,VERY WORN TEETH,,,,,Boat Release,N 35?57.108,W 121?29.771
N-1346-08-S,5-Nov-08,4.994,401,BSR,TINKER/ESTES,10:40,Mill Creek,KIRK,35.95215,-121.496117,NO,BODKIN/ESSLINGER,Wilson Traps/ Divers,NO,YES,NO,WH-1/2-,YES,CH-1/2-,YES,,NO,4A391F1874,YES,164.994,Thermister,890178,CAUGHT WITH 1066-08,f,a,3,3,44,19.95,116,72.5,30.5,,,Very Light,,,,4.5,,5,,NO,NO,,,,,,,,Boat Release,N 35?57.108,W 121?29.771
N-1346-08-S,23-Sep-10,4.994,452,BSR,TINKER/ESTES,13:50,WCTL,WCTL,35.959,-121.488183,YES,HATFIELD/HARRIS,Wilson Traps/ Divers,NO,NO,NO,WH-1/2-115,YES,CH-1/2-108,YES,4778655853,YES,4A391F137,YES,164.994,,EXPLANT,,f,a,3,3,46.3,21,117.7,76,31.3,40,,Light,,,FIRST UPPER PREMOLAR MISSING FROM LEFT AND RIGHT SIDE,7,,10,STAEDLER,NO,NO,,,NORMAL,,,,,Boat Release,N 36?00.641,W 121?32.104
N-1347-08-S,5-Nov-08,5.144,402,BSR,TINKER/ESTES,10:45,JADE,JADE,35.910017,-121.472567,NO,HATFIELD/KENNER,Wilson Traps/ Divers,NO,YES,NO,WH-1/2-MBA15,YES,RB-1/2-MBA047,YES,,NO,4A433A1A3E,YES,165.144,Thermister,890179,,f,a,2,2,37.9,17.2,109,73.5,27.9,28.9,,Light,,,,8,,5,STAEDLER,NO,NO,,,"OBSERVED SHIVERING BY CAPTURE TEAM, CODNEM ULCER, HYPEREMIA-BLOODSHOT EYE",,,,,Boat Release,N 35?54.633,W 121?28.469
N-1348-08-S,5-Nov-08,5.093,403,BSR,TINKER/ESTES,10:45,JADE,JADE,35.910017,-121.477567,NO,HATFIELD/KENNER,Wilson Traps/ Divers,NO,NO,NO,WH-1/2-,YES,GO-1/2-,YES,4A330C2948,NO,,NO,165.093,Thermister,890180,,f,a,4,3,48.9,22.2,116,75.4,29.5,40.5,,Moderate,,,,8,,8,STAEDLER,NO,NO,,,,,,,,Boat Release,N 35?54.613,W 121?28.469
N-1349-08-S,5-Nov-08,5.058,404,BSR,TINKER/ESTES,11:07,LOPZ,LOPZ,36.01,-121.56,NO,WEITZMAN/HARRIS,Wilson Traps/ Divers,NO,YES,NO,WH-1/2-19,NO,LB-1/2-21,NO,,NO,4A4321091F,NO,165.058,Thermister,890181,,f,a,5,3,47,21.3,114.5,77.5,29,43.5,,Light,,BOTH LOWER CANINES BROKEN,,7.6,,,,NO,NO,,,,,,,,Boat Release,N 36?00.546,W 121?33.244
N-1350-08-S,5-Nov-08,1071,406,BSR,TINKER/ESTES,17:00,KIRK,KIRK,35.989633,-121.500583,NO,BODKIN/ESSLINGER,Wilson Traps/ Divers,NO,NO,YES,WH-1/2-21,NO,LG-1/2-48,NO,,NO,4A3F7E2E6E,YES,,,,PREGNANT,f,a,2,1,43,19.5,110,73.5,28.2,36.5,,Moderate,,,,6,,4,STAEDLER,NO,NO,,,PREGNANT,,,,,Boat Release,N 36?59.378,W 121?30.035
N-1351-08-S,5-Nov-08,1072,407,BSR,TINKER/ESTES,17:00,KIRK,KIRK,35.989633,-121.500583,NO,BODKIN/ESSLINGER,Wilson Traps/ Divers,NO,NO,YES,BR-1/2-6503,NO,TQ-1/2-82,NO,,NO,4A3C3C6149,YES,,,,VERY PREGNANT,f,a,3,3,60.1,27.27,117,83.5,29,45,,Light,,,,7.8,,6,STAEDLER,NO,NO,,,VERY PREGNANT,,,,,Boat Release,N 35?59.378,W 121?30.035
N-1352-08-S,6-Nov-08,5.004,408,BSR,TINKER/ESTES,8:35,LOPZ,LOPZ,36.04105,-121.586767,NO,WEITZMAN/HARRIS,Wilson Traps/ Divers,NO,YES,NO,WH-1/2-26,NO,PI-1/2-21,NO,,NO,4A3B5F7818,NO,165.004,Thermister,890184,,f,a,2,3,35.5,16.1,109,67.5,27.5,39.7,,Moderate,,WORN LOWER LEFT CANINE,,6.6,,4,STAEDLER,NO,NO,,,,,,,,Boat Release,N 36?04.069,W 121?36.155
N-1353-08-S,6-Nov-08,5.283,410,BSR,TINKER/ESTES,11:30,ESLN,ESLN,36.130483,-121.6561,NO,ESSLINGER,Wilson Traps/ Divers,YES,NO,NO,WH-1/2-27,NO,PU-1/2-7046,NO,,NO,4A3E022946,YES,165.283,Thermister,890186,,f,a,4,3,50,22.68,112,75.5,26,39.7,,Heavy,ALL WORN,WORN  LOWER CANINES,,6.7,,10,STAEDLER,NO,NO,,,PUP TOO SMALL TO TAG,,,,,Boat Release,N 36?07.198,W 121?38.200
N-1353-08-S,24-Sep-10,5.283,509,BSR,TINKER/ESTES,12:45,BURN,BURN,36.1355,-121.6544,YES,HATFIELD/HARRIS/TINKER,Wilson Traps/ Divers,NO,NO,NO,WH-1/2-51,YES,PU-1/2-72,YES,,NO,47680C0538,YES,165.283,,EXPLANT,,f,a,5,3,43.2,19.6,111,75.2,26.3,40.5,,Heavy,HEAVY WEAR ON FRONT LOWER INCISORS,FRACTURED TOP RIGHT CANINE AND BOTH LOWER CANINES FRACTURED,"HEAVY WEAR ON ALL UPPER MOLARS, MODERATE WEAR ON LOWER LEFT MOLARS",7,,10,MURRAY,NO,NO,,,NORMAL,N-1440-10-S,F,9.4,84.8,Boat Release,N 36?08.610,W 121?39.650
N-1354-08-S,6-Nov-08,7.696,412,BSR,TINKER/ESTES,11:13,LOPZ,LOPZ,36.034283,-121.583583,NO,HARRIS/WEITZMAN,Wilson Traps/ Divers,NO,NO,NO,WH-1/2-29,NO,SI-1/2-18,NO,,NO,4A3843207D,NO,167.696,Thermister,890187,,f,s,1,2,35,15.876,107,71.5,26.5,37.7,,Very Light,,,,5.6,,3,STAEDLER,NO,NO,,,,,,,,Boat Release,N 36?04.069,W 121?36.154
N-1355-08-S,6-Nov-08,1076,415,BSR,TINKER/ESTES,17:00,ESLN,ESLN,36.13135,-121.651733,NO,ESSLINGER/BODKIN,Wilson Traps/ Divers,NO,NO,NO,BR-1/2-6512,NO,PU-1/2-7024,NO,,NO,4A431C7664,YES,,,,,f,a,2,3,40.1,18.2,113,88,24,42.3,,Light,"BROKEN UPPER RIGHT, MISISNG LOWER MIDDLE, LOWER RIGHT AND LEFT INCISIORS WORN TO GUMS",BROKEN LOWER LEFT CANINE,FACETS WORN ON UPPER LEFT MOLARS,7.5,,9,STAEDLER,NO,NO,,,TAGS GOT SWITCHED BECAUSE SHE WAS DETERMINED TO BE PREGNANT DURING LAPROSCOPY.,,,,,Boat Release,N 36?07.198,W 121?38.200
N-1356-08-S,7-Nov-08,1077,416,BSR,TINKER/ESTES,9:10,ESLN,ESLN,36.13135,-121.651917,NO,BODKIN/ESSLINGER,Wilson Traps/ Divers,NO,YES,YES,BR-1/2-6508,NO,BR-1/2-6510,NO,,NO,4A3C295906,YES,,,,PREGNANT,f,a,1,3,45,20.4,114.8,76.5,28.5,43.3,,Moderate,INCISORS WORN,,MISSING LOWER LEFT FRONT PREMOLAR,7.2,,4,STAEDLER,NO,NO,,,PREGNANT,,,,,Boat Release,N 36?07.881,W 121?39.115
N-1357-08-S,6-Nov-08,1078,417,BSR,TINKER/ESTES,9:10,ESLN,ESLN,36.13135,-121.651917,NO,ESSLINGER/BODKIN,Wilson Traps/ Divers,NO,YES,NO,WH-1/2-36,NO,YE-1/2-6983,NO,,NO,4A3B7E017A,YES,,,,,f,a,2,3,39,17.7,112.5,73,28.5,42.3,,Heavy,,,,6.9,,11,,NO,NO,,,,,,,,Boat Release,N 36?07.881,W 121?39.115
N-1358-08-S,7-Nov-08,5.358,418,BSR,TINKER/ESTES,10:50,GAMB,GAMB,36.041483,-121.586517,NO,HARRIS/WEITZMAN,Wilson Traps/ Divers,NO,NO,NO,WH-1/2-11,NO,BR-4/5-6542,NO,,NO,4A1A282D54,YES,165.358,,890193,,f,j,1,1,24,10.9,93,60,24,35.4,,Very Light,,,"UPPER RIGHT PREMOLAR AND 1ST MOLAR ARE PUP TEETH, UPPER LEFT PREMOLARS AND MOLARS ARE 1/2 ERUPTED.  LOWER LEFT PREMOLAR IS ERUPTING, LOWER LEFT AND RIGHT  1ST MOLAR ARE PUP TEETH",5.5,,1.5,STAEDLER,NO,NO,,,,,,,,Boat Release,N 36?02.489,W 121?35.191
N-1359-08-S,7-Nov-08,1080,419,BSR,TINKER/ESTES,10:50,GAMB,GAMB,36.041483,-121.586517,NO,HARRIS/WEITZMAN,Wilson Traps/ Divers,NO,NO,YES,WH-1/2-13,NO,CH-4/5-153,NO,,NO,4A2E241961,YES,,,,,f,a,2,3,39.9,18.1,107.75,71,26.8,41.6,,Light,,,,7.6,,5,STAEDLER,NO,NO,,,POSSIBLY PREGNANT,,,,,Boat Release,N 36?02.489,W 121?35.191
N-1360-08-S,7-Nov-08,5.435,421,BSR,TINKER/ESTES,11:10,DLCY,DLCY,36.0938,-121.623733,NO,HATFIELD/KENNER,Wilson Traps/ Divers,NO,NO,NO,WH-1/2-18,NO,GO-4/5-7137,NO,,NO,4A3E175E3B,NO,165.435,,890339,NO FALCIFORM,f,a,3,3,44.5,20.2,114.3,76,27.9,40.4,,Heavy,"LOWER LEFT INCISORS WORN, MISSING LOWER RIGHT INCISOR","UPPER LEFT CANINE FACTURED DURING CAPTURE, MISSING LOWER RIGHT CANINE","MISSING UPPER LEFT PREMOLAR, BROKEN LOWER RIGHT SECOND MOLAR",6.8,,10,STAEDLER,NO,NO,,,,,,,,Boat Release,N 36?04.060,W 121?36.148
N-1361-08-S,3-Nov-08,1082,,BSR,TINKER/ESTES,12:55,BURN,BURN,36.1535,-121.671033,NO,,Wilson Traps/ Divers,NO,NO,YES,BR-4/5-6517,NO,PI-4/5-16,NO,,NO,,NO,,,,PREGNANT,f,a,2,2,52.9,24,109,80.5,26,40.2,,Light,,,,6.7,,6,STAEDLER,NO,NO,,,,,,,,,,
N-1362-08-S,7-Nov-08,5.457,423,BSR,TINKER/ESTES,12:55,BURN,BURN,36.153633,-121.671,NO,ESSLINGER/BODKIN,Wilson Traps/ Divers,NO,NO,NO,WH-1/2-25,NO,OR-4/5-6782,NO,,NO,4A403B3048,YES,165.457,,890341,,f,a,2,3,42.1,19.1,117.2,71.5,29,40.9,,Moderate,TOP AND BOTTOM INCISORS WORN,,PREMOLARS AND FIRST MOLARS WORN ON TOP (BOTH SIDES).  TOP RIGHT 1ST MOLAR EXPOSES ROOT,6.5,,8,STAEDLER,NO,NO,,,,,,,,Boat Release,N 36?09.115,W 121?40.251
N-1363-08-S,7-Nov-08,5.493,424,BSR,TINKER/ESTES,13:55,DLRK,DLRK,36.082967,-121.618233,NO,HARRIS/WEITZMAN,Wilson Traps/ Divers,NO,NO,NO,WH-1/2-28,NO,PU-4/5-7010,NO,,NO,4A3F392C44,YES,165.493,,890343,,f,a,2,1,52,23.6,118.1,78,29,43.2,,Light,,,,7.1,,6,,NO,NO,,,,,,,,Boat Release,N 36?04.978,W 121?37.097
N-1364-08-S,8-Nov-08,1085,428,BSR,TINKER/ESTES,11:00,BURN,BURN,36.1355,-121.6544,NO,ESSLINGER/BODKIN,Wilson Traps/ Divers,NO,NO,YES,BR-4/5-4010,NO,LB-1/2-99,NO,,NO,4A3C2B3E16,YES,,,,,f,a,2,1,39.9,18.1,112.5,72.7,29,41.4,,Very Light,,,,7.1,,6,STAEDLER,NO,NO,,,,,,,,Boat Release,N 36?08.043,W 121?39.611
N-1365-08-S,7-Nov-08,6.032,427,BSR,TINKER/ESTES,15:35,DLCY,DLCY,36.101517,-121.628083,NO,BODKIN/ESSLINGER,Wilson Traps/ Divers,NO,NO,NO,WH-1/2-20,NO,TQ-4/5-22,NO,,NO,4A407D7F70,YES,166.032,,890345,,f,s,1,1,35.1,15.9,110.5,67,28.5,42.8,,Very Light,,,,5.9,,2,,NO,NO,,,"VERY PRETTY TEETH, SLIGHTLY PURPLE.  BIG SUBMANIBULAR LYMPH NODES THE SIZE OF CHERRIES",,,,,Boat Release,N 36?06.091,W 121?37.685
N-1366-08-S,11-Nov-08,1087,440,BSR,TINKER/ESTES,15:02,LIME,LIME,36.006883,-121.514417,NO,HARRIS/ AMES,Wilson Traps/ Divers,NO,NO,NO,- -,NO,- -,NO,,NO,,NO,,,,,f,s,1,1,39.9,18.1,,,0,,,Very Light,,,,,,2,,NO,NO,,,"Right side upper hip 3x normal thickness, swollen and hard. Old bite wound. Lymphnode large 3x (Jessup)",,,,,Boat Release,N 36? 0.413,W 121?30.865
N-1367-08-S,10-Nov-08,6.094,430,BSR,TINKER/ESTES,13:05,ESLN,ESLN,36.123917,-121.6448,NO,HATFIELD/KENNER,Wilson Traps/ Divers,NO,NO,NO,WH-1/2-37,NO,YE-4/5-6990,NO,,NO,4767395A52,YES,166.094,,890347,TAGGED BY SAM (VISION CREW),f,a,2,2,42.1,19.1,111.5,71,27.7,38.9,,Light,,2 LOWER CANINES BROKEN,,6.6,,4,STAEDLER,NO,NO,,,"TWO LOWER CANINES BROKEN, GRIZZLE ON CHEST, CUT ON RIGHT PAW",,,,,Boat Release,N 36?07.183,W 121?38.476
N-1368-08-S,6-Nov-08,6.209,411,BSR,TINKER/ESTES,11:13,LOPZ,LOPZ,36.034283,-121.583583,NO,WEITZMAN/HARRIS,Wilson Traps/ Divers,NO,NO,NO,WH-1/2-10,NO,BR-1/2-6543,NO,,NO,48763E6214,YES,166.209,,890348,,f,a,3,3,35.1,15.9,109.5,71,28,40.7,,Moderate,TOP INCISORS WORN,RIGHT SIDE TOP AND BOTTOM CANINES WORN,"RIGHT TOP PREMOLAR HAS ROOTS EXPOSED, LEFT TOP FIRST MOLAR HAS ROOT SLIGHTLY EXPOSED",6.3,,6,BODKIN/STAEDLER,NO,NO,,,,,,,,Boat Release,N 36?04.069,W 121?36.154
N-1369-08-S,3-Nov-08,6.309,431,BSR,TINKER/ESTES,16:50,PVAL,PVAL,35.943417,-121.484567,NO,ESSLINGER/BODKIN,Wilson Traps/ Divers,NO,NO,NO,LB-1/2-69,NO,WH-1/2-222,NO,,NO,4774320202,YES,166.309,,890349,TAGGED BY JESSICA (VISION CREW),f,a,3,3,44.1,20,114,74,27,42,,Heavy,,,"MANY BORKEN, FACTURED,  AND VERY WORN MOLARS.  2 ROOTS REMAIN ON LOWER RIGHT MOLAR",6.5,,12,STAEDLER,NO,NO,,,MISSING MOLARS - SEE TOOTH CHART,,,,,Boat Release,N 35?56.723,W 121?29.487
N-1370-08-S,3-Nov-08,6.346,414,BSR,TINKER/ESTES,,BCRK,BCRK,36.076583,-121.611033,NO,HATFIELD/KENNER,Wilson Traps/ Divers,NO,NO,NO,WH-4/5-44,NO,LB-1/2-33,NO,,NO,4A363C7473,YES,166.346,,890350,NO FALCIFORM LIGAMENT,m,a,2,1,52,23.6,121.5,75.5,29,44.7,19.5,Heavy,LOWER INCISORS WORN,BOTH TOP CANINES STAINED BROWN AND WORN,MISSING LOWER LEFT PREMOLAR,7.5,,9,STAEDLER,NO,NO,,,,,,,,Boat Release,N 36?04.069,W 121?36.154
N-1371-08-S,11-Nov-08,1092,432,BSR,TINKER/ESTES,9:24,BCRK,BCRK,36.07125,-121.61205,NO,HATFIELD/KENNER,Wilson Traps/ Divers,NO,NO,NO,BR-4/5-6527,NO,PU-4/5-47,NO,,NO,47743C6E18,YES,,,,TAGGED BY CHANCY,f,a,2,5,35.1,15.9,111.3,70.4,28,40,,Light,FRACTURED UPPER RIGHT INCISOR,FRACTURED UPPER RIGHT AND LEFT CANINES,,7.4,,8,STAEDLER,NO,NO,,,"RECENTLY WEANED A PUP.  TORN UP RIGHT PAW, 3 LITTLE TEARS",,,,,Boat Release,N 36?04.166,W 121?36.823
N-1372-08-S,6-Nov-08,6.359,409,BSR,TINKER/ESTES,8:35,LOPZ,LOPZ,36.04105,-121.586767,NO,HARRIS/WEITZMAN,Wilson Traps/ Divers,NO,NO,NO,WH-4/5-47,NO,OR-1/2-6761,NO,,NO,4A3D5A4307,YES,166.359,,890353,"RECAPTURED AND DIED ON 11/8/2008, 2 DAYS POST INITIAL CAPTURE.  SEE HARD COPIES OF CAPTURE DATA SHEET FOR MORE DETAILED INFO",m,a,3,1,64.8,29.4,129.5,81,31.8,46.5,20,Moderate,,,,8.6,,8,STAEDLER,NO,NO,,,,,,,,Boat Release,N 36?02.427,W 121?35.186
N-1373-08-S,3-Nov-09,6.37,420,BSR,TINKER/ESTES,11:10,DLCY,DLCY,36.0938,-121.623733,NO,HATFIELD/KENNER,Wilson Traps/ Divers,NO,NO,NO,WH-4/5-48,NO,RE-1/2-6030,NO,,NO,4A3B0F1510,YES,166.37,,890354,,m,a,2,1,56,25.4,126.2,80,31,24.6,16.5,Moderate,MISSING 2 TOP INCISORS,"LOWER LEFT CANINES WORN, UPPER RIGHT CANINE MISSING",,8,,8,STAEDLER,NO,NO,,,,,,,,,,
N-1374-08-S,3-Nov-08,6.397,405,BSR,TINKER/ESTES,11:07,LOPZ,LOPZ,36.011,-121.56,NO,HARRIS/WEITZMAN,Wilson Traps/ Divers,NO,YES,NO,WH-4/5-39,NO,TQ-1/2-95,NO,,NO,4A3A59056C,YES,166.397,,890355,,m,a,2,1,59,26.76,125,80.5,30,43.5,18.5,Light,,,,7.9,,6,STAEDLER,NO,NO,,,,,,,,Boat Release,N 36?00.546,W 121?33.244
N-1375-08-S,3-Nov-08,6.409,425,BSR,TINKER/ESTES,15:20,LOPZ,LOPZ,36.024833,-121.578217,NO,HATFIELD/KENNER,Wilson Traps/ Divers,NO,NO,NO,WH-4/5-223,NO,YE-1/2-6991,NO,,NO,4A2E296A3D,YES,166.409,,890356,NO FALCIFORM,m,a,,1,66.1,30,127,84,29.8,46.9,20.5,Heavy,WORN,FRACTURED LOWER LEFT CANINE,"FRACTURED UPPER LEFT MOLAR, VERY WORN UPPER RIGHT MOLAR",8.8,,9,STAEDLER,NO,NO,,,,,,,,Boat Release,N 36?01.457,W 121?34.970
N-1376-08-S,11-Nov-08,6.436,433,BSR,TINKER/ESTES,9:50,GRME,GRME,36.1953,-121.72385,NO,WEITZMAN/ESSLINGER,Wilson Traps/ Divers,NO,YES,NO,LB-1/2-74,NO,PI-4/5-7,NO,,NO,4769394368,YES,166.436,,890357,TAGGED BY TOMMY,f,a,2,1,47,21.3,116,73.2,27.9,44.3,,Very Light,,,,6.4,,5,STAEDLER,NO,NO,,,,,,,,Boat Release,N 36?11.718,W 121?43.431
N-1376-08-S,24-Sep-10,6.436,511,BSR,TINKER/ESTES,15:00,TORR,TORR,36.188183,-121.711917,YES,HARRIS/HATFIELD/TINKER,Wilson Traps/ Divers,NO,NO,NO,LB-1/2-321,YES,PI-4/5-18,YES,,NO,4769394368,YES,166.436,Thermister,EXPLANT,,f,a,4,2,47.2,21.4,118.6,68,30.4,44.8,,Moderate,MODERATE WEAR LOWER INCISORS,,REMOVED TOP RIGHT AND LEFT PREMOLARS,8.6,,6,STAEDLER,NO,NO,,,,,,,,Boat Release,N 36?10.188,W 121?41.377
N-1377-08-S,11-Nov-08,6.447,434,BSR,TINKER/ESTES,9:50,GRME,GRME,36.1953,-121.72385,NO,ESSLINGER/WEITZMAN,Wilson Traps/ Divers,NO,YES,NO,LB-1/2-91,NO,RE-1/2-175,NO,,NO,47670E393B,YES,166.447,,890358,CAUGHT W/ 1097.  TAGGED BY KATIE,f,s,1,1,31.1,14.1,104,66,27.3,43.3,,Very Light,TOP INCISORS WORN,,,5.4,,2,STAEDLER,NO,NO,,,,,,,,Boat Release,N 36?11.718,W 121?43.430
N-1378-08-S,3-Nov-08,6.467,426,BSR,TINKER/ESTES,15:35,DLCY,DLCY,36.101517,-121.628083,NO,ESSLINGER/BODKIN,Wilson Traps/ Divers,NO,NO,NO,WH-4/5-43,NO,GO-4/5-7138,NO,,NO,4877302B50,NO,166.467,,890359,,m,a,2,1,60,27.2,127.5,79,30,45,,Light,BROKEN FRONT INCISOR,,,8.2,,6,STAEDLER,NO,NO,,,BIT THRU LIP W/ CANINE,,,,,Boat Release,N 36?06.091,W 121?37.685
N-1382-08-S,11-Nov-08,7.66,435,BSR,TINKER/ESTES,11:28,TORR,TORR,36.187883,-121.71335,NO,AMES/BODKIN,Wilson Traps/ Divers,YES,NO,NO,LB-1/2-6155,NO,CH-4/5-6683,NO,,NO,477B263D11,YES,167.66,,890365,CAPUTURED WITH PUP 1131-08.,f,a,3,3,41,18.6,111.5,76,28.6,42.2,,Light,WORN,MISSING TOP LEFT,,7,,9,,NO,NO,,,,N-1410-08-S,M,10,98.1,Boat Release,N 36?10.340,W 121?41.846
N-1382-08-S,9-Nov-11,7.66,22,BSR,TINKER/ESTES,15:08,Vicente Creek,GAMB,36.045733,-121.58855,YES,KENNER/HARRIS,Wilson Traps/ Divers,NO,NO,NO,LB-1/2-322,YES,CH-4/5-109,YES,,NO,477B263011,YES,167.66,Thermister,EXPLANT,,f,a,4,5,30.2,13.7,113.5,75,28,43.3,,Heavy,,,,7,,10,STAEDLER,NO,NO,,,,,,,,Shore Release,N 36?04.181,W 121?35.975
N-1383-08-S,11-Nov-08,1104,437,BSR,TINKER/ESTES,11:19,DLCY,DLCY,36.100433,-121.626817,NO,HATFIELD/KENNER,Wilson Traps/ Divers,NO,NO,NO,LB-1/2-324,NO,TQ-4/5-100,NO,,NO,47777C0656,YES,,,,,f,a,2,3,52.9,24,120,75.5,29.7,42.9,,Moderate,,,,7.9,"BIT ON LIP, TARTER",6,STAEDLER,NO,NO,,,,,,,,Boat Release,N 36?05.390,W 121?37.832
N-1384-08-S,11-Nov-08,7.71,438,BSR,TINKER/ESTES,12:20,ANDR,ANDR,36.16715,-121.686883,NO,WEITZMAN/ESSLINGER,Wilson Traps/ Divers,YES,NO,NO,LB-1/2-326,NO,YE-1/2-6998,NO,,NO,4767774B52,YES,167.71,,890362,PUP IS FEMALE 1129-08.,f,a,2,1,41.9,19,114.3,74,28.3,45,,Very Light,,,,6.3,,4,STAEDLER,NO,NO,,,,N-1411-08-S,F,9.1,83.5,Boat Release,N 36?09.056,W 121?40.657
N-1385-08-S,11-Nov-08,6.043,440,BSR,TINKER/ESTES,12:25,ANDR,ANDR,36.16735,-121.687233,NO,ESSLINGER/ WEITZMAN,Wilson Traps/ Divers,NO,NO,NO,WH-1/2-46,YES,WH-1/2-6473,YES,,NO,4774684B23,YES,166.043,Thermister,890346,TAGGED BY TOMMY,f,a,4,3,46.1,20.9,112,75,26,44.2,,Heavy,,,,6.9,,9,STAEDLER,NO,NO,,,,,,,,Boat Release,N 36? 5.437,W 121?24.394
N-1409-08-S,6-Nov-08,1130,413,BSR,Tinker/Estes,12:40,BCRK,BCRK,36.076583,-121.611033,NO,HATFIELD/KENNER,Wilson Traps/ Divers,NO,NO,YES,BR-4/5-6522,NO,CH-4/5-151,NO,,NO,4A3C141600,YES,,,,FEMALE WITH MALE TAG COMBO,f,a,3,3,54,24.5,108.5,84,25,40.2,,Heavy,,WORN,,6.4,,9.5,STAEDLER,NO,NO,,,VERY PREGNANT,,,,,Boat Release,N 36?04.595,W 121?36.662
N-1410-08-S,11-Nov-08,1131,436,BSR,Tinker/Estes,11:28,TORR,TORR,36.187883,-121.711333,NO,AMES/BODKIN,Wilson Traps/ Divers,NO,NO,NO,BR-4/5-6516,NO,GO-1/2-3291,NO,,NO,4A415D150B,YES,,,,"Broken tooth, tagged by Justine Grajski.  Pup of 1103",m,p,1,1,22,10,98.1,59.2,24.3,38.8,,,pup teeth,,,3.2,,0.5,STAEDLER,NO,NO,,,,,,,,Boat Release,N 36?10.340,W 121?41.846
N-1411-08-S,11-Nov-08,1129,439,BSR,TINKER/ESTES,12:20,ANDR,ANDR,36.16715,-121.686883,NO,WEITZMAN/ESSLINGER,Wilson Traps/ Divers,NO,YES,NO,LB-1/2-77,NO,PU-1/2-20,NO,,NO,476D462148,YES,,,,PUP PF 1105-08.  TAGGED BY JUSTINE AND CHANCEY.,f,p,1,1,17,7.7,83.5,55,19.6,31.1,,,,,,4.2,,0.4,STAEDLER,NO,NO,,,,,,,,Boat Release,N 36?09.056,W 121?40.657
N-1412-09-S,2-Nov-09,6.067,463,BSR,TINKER/ESTES,15:45,Square Black Rock,BCRK,36.0736,-121.612533,NO,KENNER/ HATFIELD,Wilson Traps/ Divers,NO,NO,NO,LB-1/2-68,YES,RE-4/5-199,YES,,NO,477A550309,YES,166.067,Thermister,890396,,f,a,3,1,37.7,17.1,112,66.5,27.4,42.5,,Light,,,,6.6,,4,TINKER,NO,NO,,,,,,,,Shore Release,N 36?04.196,W 121?35.952
N-1412-09-S,9-Nov-11,6.067,21,BSR,TINKER/ESTES,13:08,Dolan rock,DLRK,36.0862,-121.621967,YES,HARRIS/KENNER,Wilson Traps/ Divers,NO,NO,NO,LB-1/2-305,NO,RE-4/5-127,YES,,NO,477A550309,YES,166.067,Thermister,EXPLANT,,f,a,4,1,43.7,19.8,113.6,74.3,25.8,43.4,,Light,,,,6.8,,5,STAEDLER,NO,NO,,,,,,,,Shore Release,N 36?04.181,W 121?35.975
N-1413-09-S,2-Nov-09,6.14,464,BSR,TINKER/ESTES,15:50,Vicente Creek,GAMB,36.036167,-121.58375,NO,WEITZMAN/HARRIS,Wilson Traps/ Divers,NO,NO,NO,WH-1/2-31,YES,TQ-1/2-73,YES,,NO,47781A3E35,YES,166.14,Thermister,990395,,f,a,,1,37.3,16.9,112,66.7,29.2,44.2,,Very Light,,,,7.6,,4,TINKER,NO,NO,,,,,,,,Shore Release,N 36?04.196,W 121?35.752
N-1414-09-S,3-Nov-09,6.153,465,BSR,TINKER/ESTES,9:24,VICENTE CREEK,GAMB,36.029233,-121.580567,NO,WEITZMAN/ AMES,Wilson Traps/ Divers,NO,NO,NO,WH-4/5-49,YES,RE-4/5-132,YES,,NO,47797B4566,YES,166.153,Thermister,990396,,m,a,2,1,55.1,25,118.3,75,28,46.8,,Heavy,,,,8.5,,8,VIENS,NO,NO,,,"ALGAE ON TAIL (SAMPLE TAKEN), HOLE ON l 3/4 AT TIP OF FLIPPER, TEMPLE TO TEMPLE 102.3MM, NOSE TO CROWN 165.7MM.",,,,,,N 36?01.767,W 121?34.926
N-1415-09-S,3-Nov-09,1138,467,BSR,TINKER/ESTES,10:55,Square Black Rock,BCRK,,,NO,WEITZMAN/HARRIS,Wilson Traps/ Divers,NO,YES,YES,LB-4/5-341,YES,PI-1/2-40,YES,,NO,477B565A7C,YES,,,,"COUGHT WITH 6.514, PREGNANT, LISTED N/W COORDINATES ARE FOR VINCENTE CREEK, BUT AREA IS LISTED AS SQUARE BLACK ROCK",f,a,1,,45.2,20.5,111,67.4,26.4,44.7,,Light,,,,7.5,,4,STAEDLER,NO,NO,,,PREGNANT,,,,,Boat Release,N 36? 4.090,W 121?36.064
N-1416-09-S,3-Nov-09,6.514,468,BSR,TINKER/ESTES,12:49,Square Black Rock,BCRK,,,NO,WEITZMAN/ HARRIS,Wilson Traps/ Divers,NO,YES,NO,WH-1/2-58,YES,WH-1/2-59,YES,,NO,477244782E,YES,166.514,Thermister,990399,COUGHT WITH 1138-09,f,a,2,3,42.1,19.1,116,74.3,29.9,43.2,,Light,,,,7.1,,4,STAEDLER,NO,NO,,,"TEMP TO TEMP 89, NOSE TO CREST 152",,,,,Boat Release,N 36? 4. 09,W 121?36.065
N-1417-09-S,3-Nov-09,1140,469,BSR,TINKER/ESTES,13:55,DLCY,DLCY,36.110483,-121.633033,NO,HATFIELD/ KENNER,Wilson Traps/ Divers,NO,YES,YES,LB-4/5-332,YES,LB-1/2-334,YES,,NO,476D77053E,YES,,,,"COUGHT WITH 1141-09, PREGNANT",f,a,4,1,49.6,22.5,115.2,74.1,26.4,41.7,,Heavy,,2 FRACTURES,DEEP WEAR ON BOTH UPPER AND LOWER,7.8,,9,STAEDLER,NO,NO,,,"PREGNANT, TEMPPLE TO TEMPLE 88.8, CREST TO NOSE 152.7",,,,,Boat Release,N 36?05.708,W 121?37.693
N-1418-09-S,3-Nov-09,1141,470,BSR,TINKER/ESTES,13:55,DLCY,DLCY,36.110483,-121.633033,NO,HATFIELD/ KENNER,Wilson Traps/ Divers,NO,YES,YES,LB-1/2-73,YES,LG-4/5-2,YES,,NO,477221483D,YES,,,,"PREGNANT, COUGHT WITH 1140",f,a,2,1,45.6,20.7,112,73,26.2,43.8,,Light,,,,6.8,,5,STAEDLER/MURRAY,NO,NO,,,"SKULL TEMPLE TO TEMPLE 97.1, NOSE TO CREST 152.7",,,,,Boat Release,N 36?05.708,W 121?37.693
N-1418-09-S,25-Sep-10,6.602,514,BSR,TINKER/ESTES,14:38,DLCY,DLCY,36.1125,-121.633233,YES,WEITZMAN/KENNER,Wilson Traps/ Divers,NO,TRUE,NO,LB-1/2-317,YES,LG-4/5-80,YES,477221483D,YES,,NO,166.602,,,,f,a,3,2,43.9,19.9,110.5,72.2,27.7,41.7,,,,,,6.7,,6,STAEDLER,NO,NO,,,HAD PIT TAG BUT COULD NOT READ IT.  FORMERLY 1141 (BRD# 1141-09).  MISED AGE ESTIMATE AND HEAD MEASUREMENTS AS SX ENDED QUICKLY BECAUSE OF A DIFFERENT WARM OTTER,,,,,Boat Release,N 36?07.160,W 121?38.185
N-1419-09-S,4-Nov-09,6.553,471,BSR,TINKER/ESTES,10:40,John Little State Park,DLCY,36.112733,-121.634767,NO,KENNER/ HATFIELD,Wilson Traps/ Divers,NO,YES,NO,LB-4/5-330,YES,CH-4/5-191,YES,,NO,48000C5E0E,YES,166.553,Thermister,990402,COUGHT WITH 1143-09,f,s,1,3,31.7,14.4,108,67.4,28.1,43.6,,Very Light,,,,7.2,,2.5,STAEDLER,NO,NO,,,"TEMPLE TO TEMPLE 95, NOSE TO CREST 148.4",,,,,,N 36?06.732,W 121?38.150
N-1419-09-S,24-Sep-10,6.553,510,BSR,TINKER/ESTES,13:25,ANDR,ANDR,36.153683,-121.669233,YES,ESSLINGER/KENNER,Wilson Traps/ Divers,NO,YES,NO,LB-4/5-6189,YES,CH-4/5-142,YES,476B2B0C26,YES,,NO,166.553,Thermister,EXPLANT,,f,a,2,3,35.1,15.9,108,71.8,26.6,42.3,,Light,LIGHT WEAR ON UPPER AND LOWER INCISORS,,,5.7,,4.5,MURRAY,NO,NO,,,,,,,,Boat Release,N 36?09.221,W 121?40.154
N-1420-09-S,4-Nov-09,6.578,472,BSR,TINKER/ESTES,10:40,John Little State Park,DLCY,36.112733,-121.634767,NO,HATFIELD/ KENNER,Wilson Traps/ Divers,NO,YES,NO,LB-4/5-350,YES,TQ-4/5-90,YES,,NO,4802574D39,YES,166.578,Thermister,990403,COUGHT WITH 1142-09,m,a,2,1,51.8,23.5,123,75.3,30.2,43.7,,Moderate,,,,8.4,,7,MURRAY,NO,NO,,,"SKULL TEMPLE TO TEMPLE 106.8, NOSE TO CREST152.9",,,,,,N 36?06.732,W 121?38.150
N-1421-09-S,4-Nov-09,1144,473,BSR,TINKER/ESTES,14:08,Lopez Rock,LOPZ,36.024267,-121.579767,NO,WEITZMAN/ HARRIS,Wilson Traps/ Divers,NO,YES,YES,LB-1/2-6200,YES,WH-1/2-57,YES,,NO,4800272B00,YES,,,,COUGHT WITH 1145,f,a,2,1,35.7,16.2,116,75.5,27.8,43.4,,Very Light,,,,6.9,,4,STAEDLER,NO,NO,,,"PREGNANT, SKULL TEMPLE TO TEMPLE 97.5, NOSE TO CREST 152.5",,,,,Boat Release,N 36? 1.484,W 121?34.892
N-1422-09-S,4-Nov-09,1145,474,BSR,TINKER/ESTES,14:08,Lopez Rock,LOPZ,36.02428,-121.58,NO,WEITZMAN/ HARRIS,Wilson Traps/ Divers,NO,YES,YES,WH-1/2-23,YES,LG-4/5-98,YES,,NO,4803663049,YES,,,,"COUGHT WITH 1144, PREGNANT, L FLIPPER HAS NOTCH @1/2",f,a,2,3,42.8,19.4,113.8,71.6,30,44.5,,Moderate,,,,11.3,,7,STAEDLER,NO,NO,,,"PREGNANT, SKULL, TEMPLE TO TEMPLE 100.8, NOSE TO CREST 153",,,,,Boat Release,N 36?02.473,W 121?58.153
N-1423-09-S,4-Nov-09,6.628,534,BSR,TINKER/ESTES,15:55,Square Black Rock,BCRK,36.07505,-121.61335,NO,KENNER/ HATFIELD,Wilson Traps/ Divers,NO,YES,NO,LB-4/5-64,YES,YE-4/5-6965,YES,,NO,4772264E6C,YES,166.628,Thermister,990406,COUGHT WITH 6.642,f,j,1,1,22.3,10.1,91.7,56,23.6,36.1,,Very Light,,,,6,,1,STAEDLER,NO,NO,,,,,,,,Shore Release,N 36?04.196,W 121?35.952
N-1424-09-S,4-Nov-09,6.642,535,BSR,TINKER/ESTES,15:55,Square Black Rock,BCRK,36.07505,-121.61345,NO,HATFIELD/ KENNER,Wilson Traps/ Divers,NO,YES,NO,LB-4/5-1,YES,PI-4/5-342,YES,,NO,47722A6939,YES,166.642,Thermister,990407,COUGHT WITH 6.628,m,s,1,1,28,12.7,102,65.3,26.3,43.4,,Very Light,,,,8.4,,2,STAEDLER,NO,NO,,,"SKULL= TEMPLE TO TEMPLE 94.0, NOSE TO CREST 152.5",,,,,,,
N-1425-09-S,5-Nov-09,6.665,536,BSR,TINKER/ESTES,9:40,Rat Creek,DLRK,36.09375,-121.625967,NO,KENNER/HATFIELD,Wilson Traps/ Divers,YES,NO,NO,WH-1/2-34,YES,WH-4/5-54,YES,,NO,48023F6901,YES,166.665,Thermister,990408,PUP- 1149,f,a,2,3,45.2,20.5,115.2,78,29.1,43.3,,Light,,,,8.1,,5,STAEDLER,NO,NO,,,"SKULL TEMPLE TO TEMPLE 94.9, NOSE TO CREST151.9",N-1426-09-S,F,1.82,53.1,Boat Release,N 36?05.639,W 121?37.576
N-1426-09-S,5-Nov-09,1149,,BSR,TINKER/ESTES,9:40,Rat Creek,DLRK,36.09375,-121.625967,NO,HATFIELD/KENNER,Wilson Traps/ Divers,NO,YES,NO,- -,NO,- -,NO,,NO,,NO,,,,"CAPTURED WITH MOM, 1148-09",f,p,1,1,4,1.8,53.1,35.5,0,,,,,,,,,0.06,STAEDLER,NO,NO,,,,,,,,Boat Release,N 36?05.639,W 121?37.576
N-1427-09-S,5-Nov-09,1150,537,BSR,TINKER/ESTES,9:59,N Dolan Canyon,DLCY,36.110217,-121.633,NO,WEITZMAN/HARRIS,Wilson Traps/ Divers,NO,YES,YES,WH-4/5-45,YES,LG-4/5-6306,YES,,NO,480264404E,YES,,,,PREGNANT. COUGHT WITH 1151,f,a,1,1,62.4,28.3,117.9,84.4,27.1,43.8,,Light,,,,7.73,UPPER R CANINE OLD FRACTURE,5,STAEDLER,NO,NO,,,"TEMPLE TO TEMPLE 92.3, NOSE TO CREST 153.0",,,,,,N 36?06.575,W 121?20.218
N-1428-09-S,5-Nov-09,1151,538,BSR,TINKER/ESTES,9:59,Dolan Canyon,DLCY,36.110217,-121.633017,NO,HARRIS/WEITZMAN,Wilson Traps/ Divers,NO,YES,YES,LB-4/5-6154,YES,YE-1/2-6971,YES,,NO,477A666258,YES,,,,,f,a,4,2,52.6,23.9,121.7,80,29,45,,Moderate,,,,8.1,,9,,NO,NO,,,NOSE TO CREST 151.61,,,,,Boat Release,N 36? 6.575,W 121?20.187
N-1436-10-S,22-Sep-10,7.655,554,BSR,TINKER/ESTES,9:30,LIME,LIME,36.006083,-121.517383,NO,HARRIS/HATFIELD,Wilson Traps/ Divers,NO,NO,NO,WH-1/2-30,YES,SI-4/5-20,YES,,NO,477B731B29,YES,167.655,,,,f,a,3,3,38.6,17.5,110.5,71,28.2,44.3,,Very Light,,PIT IN LOWER LEFT CAININE,,6.4,,5,MURRAY,NO,NO,,,,,,,,Boat Release,N 36?00.645,W 121?32.094
N-1437-10-S,22-Sep-10,1160,555,BSR,TINKER/ESTES,11:51,KIRK,KIRK,35.991567,-121.500367,NO,HARRIS/HATFIELD,Wilson Traps/ Divers,NO,NO,YES,LB-4/5-339,YES,OR-1/2-6769,YES,,NO,48021E6C3B,YES,,,,,f,a,3,,43.2,19.6,113.7,79,28.6,43.9,,,,,,7.2,,8,STAEDLER,NO,NO,,,PALPABLY PREGNANT.  NEAR TERM PREGNANCY.  HEAD ON RIGHT.,,,,,Boat Release,N 36?00.524,W 121?31.573
N-1438-10-S,22-Sep-10,6.59,556,BSR,TINKER/ESTES,12:35,Vicente Creek,GAMB,36.040717,-121.586367,NO,ESSLINGER/KENNER/TINKER/TOMOLEONI,Wilson Traps/ Divers,NO,NO,NO,WH-4/5-42,YES,RB-4/5-22,YES,,NO,477D5F4C44,YES,166.59,Thermister,,,f,a,4,3,36.2,16.4,111.7,73.3,29.5,39.4,,Light,,"UPPER RIGHT CAININE FRACTURED AND PULP EXPOSED, MODERATE TARTAR ON LOWER CAININES",,6.5,,4.5,BODKIN,NO,NO,,,"GRIZZLE TO CHEST, BUT NOT VISIBLE FROM SCOPE",,,,,Boat Release,N 36?00.924,W 121?33.817
N-1439-10-S,23-Sep-10,6.541,557,BSR,TINKER/ESTES,10:50,BCRK,BCRK,36.06223,-121.596217,NO,ESSLINGER/KENNER/TINKER,Wilson Traps/ Divers,NO,NO,NO,WH-1/2-24,YES,OR-1/2-78,YES,,NO,477A4E633B,YES,166.541,Thermister,,,f,a,2,2,44.1,20,110.6,72,27.8,45.8,,Very Light,SLIGHT WEAR ON UPPER AND LOWER INCISORS,,"MISSING UPPER RIGHT FIRST PREMOLAR, REMOVED UPPER LEFT FIRST PREMOLAR",7.3,,3.5,JESSUP,NO,NO,,,,,,,,Boat Release,N 36?03.734,W 121?35.832
N-1440-10-S,24-Sep-10,1163,558,BSR,TINKER/ESTES,12:45,BURN,BURN,36.1355,-121.6549,NO,HATFIELD/HARRIS/TINKER,Wilson Traps/ Divers,NO,YES,NO,BR-1/2-6511,YES,TQ-1/2-76,YES,,NO,48023F0404,YES,,,,CAUGHT WITH MOM (5.283 [BRD #1074]),f,p,1,1,20.7,9.4,84.8,58.9,21.6,36.5,,,,,,,,0.28,STAEDLER,NO,NO,,,NORMAL,,,,,Boat Release,N 36?08.610,W 121?39.650
N-1441-10-S,24-Sep-10,1164,559,BSR,TINKER/ESTES,13:25,ANDR,ANDR,36.153683,-121.669583,NO,ESSLINGER/KENNER,Wilson Traps/ Divers,NO,YES,YES,BR-4/5-6541,YES,YE-4/5-6989,YES,,NO,476F41555E,YES,,,,,f,a,4,4,54.5,24.7,113,83.5,29,41.4,,,,,,6.6,,8,STAEDLER,NO,NO,,,PALPABLY PREGNANT (3/4 TERM),,,,,Boat Release,N 36?09.221,W 121?40.175
N-1442-10-S,25-Sep-10,6.503,560,BSR,TINKER/ESTES,11:32,DLCY,DLCY,36.1125,-121.633267,NO,WEITZMAN/KENNER,Wilson Traps/ Divers,NO,YES,NO,WH-4/5-50,YES,TQ-4/5-35,YES,,NO,477845691A,YES,166.503,,,,m,a,3,1,60.2,27.3,126.2,79.4,29.6,45.7,13.4,Light,WORN TOP FRONT INCISORS,,REMOVED FRONT TOP RIGHT PREMOLAR,,,7,STAEDLER,NO,NO,,,GRIZZLE ON TAIL,,,,,Boat Release,N 36?06.205,W 121?37.698
N-1443-10-S,25-Sep-10,6.778,561,BSR,TINKER/ESTES,11:32,DLCY,DLCY,36.1128,-121.638217,NO,KENNER/WEITZMAN,Wilson Traps/ Divers,NO,YES,NO,LB-4/5-338,YES,LG-4/5-4,YES,,NO,47781E1B03,YES,166.778,,,CAUGHT WITH BRD# 1165-10 (6.503),f,a,4,3,35.7,16.2,112.8,73.5,29.1,41.6,,Very Light,,,,6.5,,4,MURRAY,NO,NO,,,RED BITE MARKS ON NOSE.  CAPTURE BOX (TiTi) WAS CHEWED ON AND SPLINTERED,,,,,Boat Release,N 36?06.205,W 121?37.698
N-1444-10-S,25-Sep-10,6.528,562,BSR,TINKER/ESTES,14:38,DLCY,DLCY,36.112567,-121.633233,NO,KENNER/WEITZMAN,Wilson Traps/ Divers,NO,YES,NO,WH-1/2-247,YES,RB-1/2-1,YES,,NO,477B325E1C,YES,166.528,,,,f,s,3,1,31.5,14.3,109,68.9,27,39.95,,Light,SLIGHT WEAR ON UPPER AND LOWER CANINES,,,6.4,,3,STAEDLER,NO,NO,,,NORMAL,,,,,Boat Release,N 36?07.160,W 121?38.185
N-1445-10-S,27-Sep-10,6.318,563,BSR,TINKER/ESTES,10:59,WCTL,WCTL,35.97615,-121.4917,NO,ESSLINGER/KENNER,Wilson Traps/ Divers,NO,NO,NO,WH-1/2-53,YES,OR-4/5-45,YES,,NO,47785A632C,YES,166.318,,,,f,a,2,4,48.9,22.2,114.3,75.1,28.4,43.4,,Light,MODERATE WEAR TOP AND BOTTOM,ACUTE FRACTURE ON TOP LEFT CANINE,,7.9,,6,MURRAY,NO,NO,,,,,,,,Boat Release,N 36?58.733,W 121?29.608
N-1446-10-S,27-Sep-10,6.727,564,BSR,TINKER/ESTES,14:38,JADE,JADE,35.914783,-121.476617,NO,TOMOLEONI/HATFIELD/HARRIS,Wilson Traps/ Divers,NO,NO,NO,LB-4/5-313,YES,TQ-1/2-67,YES,,NO,477179292D,YES,166.727,,,"JOE TOMOLEONI'S FIRST CAPTURE
LUI",f,s,2,1,28.4,12.9,100.4,67.6,25.2,38.9,,Very Light,"SLIGHT WEAR, TOP AND BOTTOM",,,6.9,,3,MURRAY,NO,NO,,,,,,,,Boat Release,N 36?58.765,W 121?29.669
N-1454-11-S,8-Nov-11,1177,1,BSR,TINKER/ESTES,13:00,DLCY,DLCY,36.10255,-121.625717,NO,WEITZMAN/TOMOLEONI,Wilson Traps/ Divers,NO,NO,NO,WH-1/2-107,YES,LB-1/2-319,YES,4A3D0F1315,YES,,NO,,,,,f,a,2,5,38.4,17.4,116.5,70.5,28,6.4,,Heavy,,,,,,12,,NO,NO,,,,,,,,Shore Release,N 36?04.181,W 121?35.957
N-1455-11-S,8-Nov-11,1178,2,BSR,TINKER/ESTES,13:00,DLCY,DLCY,36.10255,-121.625717,NO,WEITZMAN/TOMOLEONI,Wilson Traps/ Divers,NO,YES,NO,WH-1/2-117,YES,OR-4/5-6777,YES,4A42321839,YES,,NO,,,,captured with 1177-11,f,a,4,3,41.9,19,113.5,70.2,26,47.3,,Light,,,,8,,7,STAEDLER,NO,NO,,,,,,,,Shore Release,N 36?04.181,W 121?35.975
N-1456-11-S,10-Nov-11,1179,3,BSR,TINKER/ESTES,8:50,DLCY,DLCY,36.1125,-121.633817,NO,WEITZMAN/TOMOLEONI,Wilson Traps/ Divers,NO,NO,NO,WH-1/2-105,YES,PI-1/2-26,YES,4A423F204D,YES,,NO,,,,,f,a,2,3,40.3,18.3,112.6,75,26,45.4,,,,,,7.5,,4,STAEDLER,NO,NO,,,,,,,,Shore Release,N 36?04.181,W 121?35.975
N-1213-03-S,22-Apr-09,941-03,444,MON,TINKER/ESTES,16:48,MBA,Mon,36.619483,-121.8989,YES,Harris/Weitzman,Wilson Traps/ Divers,NO,NO,NO,PI-12-101,YES,RE-45-159,YES,201D63144C,YES,4776687775,YES,,,,pregnant,f,a,1,2,45.2,20.5,117,69.1,29,45.4,,Moderate,,,,7.4,,7,STAEDLER,NO,NO,,,Pregnant.,,,,,MBA Davit,,
N-1213-03-S,10-Jul-12,941-03,29,MON,TINKER/ESTES,12:05,BER,MON,36.623,-121.908283,YES,Harris,Wilson Traps/ Divers,NO,NO,YES,,YES,,YES,,NO,4776687775,YES,,,,,f,o,1,2,46.1,20.9,117.8,74.6,26.5,49.4,,,,,,,,10,STAEDLER,NO,NO,,,Palpably pregnant.  Fetal swelling ~~ 6 cm X 4 cm,,,,,MBA Davit,36?37.142,-121?54.039
N-1218-03-S,2-Dec-09,4-257,506,MON,TINKER/ESTES,11:19,ELTO,MON,36.61635,-121.896433,YES,Ames,Wilson Traps/ Divers,NO,NO,YES,YE-23-MBA 105,YES,TQ-23-226,YES,,NO,452F723920,YES,167.778,Thermister,,,f,a,3,3,49.8,22.6,119,78.2,28.4,40.7,,Light,,,,7.3,,8,KNOWN DOB,NO,NO,,,"temple-temple=116, nose-chest=n/a; Nose wound = pink to red (3 - 4)",,,,,Boat Release,36?37.142,-121?54.039
N-1218-03-S,11-Feb-11,4-257,585,MON,TINKER/ESTES,9:45,MBIN,MON,36.612883,-121.896417,YES,Tomoleoni,Wilson Traps/ Divers,NO,YES,NO,YE-23-109,YES,TQ-23-236,YES,,NO,4252F723920,YES,167.778,Thermister,,Moderate inguinal lymph nodes. Perforated right upper lip with tooth during capture.,f,a,3,4,47,21.3,120,76.8,28.9,45.8,,Moderate,,,,6.9,,10,STAEDLER,NO,NO,,,,,,,,MBA Davit,36?37.142,-121?54.039
N-1218-03-S,16-Jan-13,4-257,n/a,MON,TINKER/ESTES,16:24,ELTO,MON,36.617633,-121.89755,YES,Hatfield,Wilson Traps/ Divers,NO,NO,NO,,YES,,YES,452F723920,YES,,NO,167.778,,,"no tags, big chewed nose",f,a,4,5,46.1,20.9,119.9,75.3,29.5,42,,,,,,,,12,STAEDLER,NO,NO,,,,,,,,MBA Davit,36?35.142,-121?55.000
N-1235-03-S,10-Jun-09,945-03,444,MON,TINKER/ESTES,16:38,PPE,MON,36.63815,-121.93615,YES,Harris,Wilson Traps/ Divers,NO,YES,NO,PI-4/5-MBA 111,YES,GO-12-7150,YES,201D691347,NO,481069656A,YES,166.309,Thermister,890360,Right Pit not read,m,a,2,1,67.2,30.5,126.1,78.3,28.9,49.2,20.8,Moderate,,,,8.3,,8,STAEDLER,NO,NO,,,,,,,,Shore Release,36?38.289,-121?56.169
N-1249-04-S,8-Jun-10,ORWH,546,MON,TINKER/ESTES,10:30,HMSW,MON,36.6234,-121.90705,YES,Hatfield,Wilson Traps/ Divers,NO,NO,NO,OR-4/5-MBA 175,YES,WH-45-250,YES,4734585D51,YES,445C6B6B43,YES,166.217,Thermister,790341,,m,o,4,1,72.3,32.8,131,81.5,29.2,52.1,21.3,Moderate,,,,8.6,,11,STAEDLER,NO,NO,,,Lambdoidal crest to nose: 19.8mm     Temple to temple: 111.18mm,,,,,Boat Release,36?37.404,-121?54.423
N-1249-04-S,1-Sep-11,ORWH,526,MON,TINKER/ESTES,11:44,HMSW,MON,36.623133,-121.904833,YES,Hatfield,Wilson Traps/ Divers,NO,NO,NO,OR-4/5-MBA 050,YES,WH-45-122,YES,,NO,445C6B6B43,YES,166.217,Thermister,removed,,m,o,4,3,72.1,32.7,129,83.5,27.8,52.2,23,,,,,,,11,STAEDLER,NO,NO,,,normal body condition,,,,,Boat Release,36?37.388,-121?54.290
N-1272-05-S,26-Feb-08,REPU,344,MON,TINKER/ESTES,12:18,LPE,MON,36.625433,-121.911483,YES,Kenner,Wilson Traps/ Divers,NO,NO,NO,RE-3/4-MBA 106,YES,PU-34-7033,YES,,NO,4464284446,YES,166.103,Thermister,,,m,a,4,1,67.5,30.6,134,78.3,31.5,50.6,23,,,,,8.6,,8,STAEDLER,NO,NO,,,Broken left leg = Tibia,,,,,Shore Release,36?37.509,-121?54.927
N-1274-05-S,11-Jan-12,999-05,25,MON,TINKER/ESTES,15:46,LUCA,MON,36.636917,-121.925183,YES,Harris,Wilson Traps/ Divers,NO,NO,NO,,YES,,YES,,NO,44615D0F54,YES,,,,,f,a,,,41.9,19,117.4,72.8,30,4.77,,,,,,,,10,STAEDLER,NO,NO,,,,,,,,MBA Davit,,
N-1275-05-S,1-Jan-12,1000-05,23,MON,TINKER/ESTES,10:42,OPE,MON,36.631417,-121.91985,YES,Weitzman,Wilson Traps/ Divers,NO,NO,YES,TQ-12-MBA 228,YES,YE-45-139,YES,4802177757,YES,455FC3714E,YES,167.772,Thermister,890342,Captured for TDR removal but palpably pregnant so only blood and and xray to double check TDR,f,a,3,4,43.9,19.9,117.4,73.5,27.4,43.5,,,,,,,,11,MURRAY,NO,NO,,,"age estimated at 7-8 yrs at time of capture by Murray, but later changed to 11 yrs as per original estimation.",,,,,MBA Davit,36?37.136,-121?54.102
N-1275-05-S,17-Jun-09,1000-05,452,MON,TINKER/ESTES,15:10,PPW,MON,36.635583,-121.943783,YES,Weitzman,Wilson Traps/ Divers,NO,NO,NO,TQ-1/2-MBA 325,YES,YE-4/5-6999,YES,4802177757,YES,455F3C714E,YES,167.772,Thermister,890342,Other #: 167.772,f,a,2,4,43.7,19.8,116,68.8,29.5,41.5,,Light,,,,6.8,,6,STAEDLER,NO,NO,,,,,,,,Shore Release,36?38.228,-121?56.092
N-1275-05-S,11-Feb-11,1000-05,587,MON,TINKER/ESTES,11:51,OPE,MON,36.629767,-121.918983,YES,Tomoleoni,Wilson Traps/ Divers,NO,YES,YES,TQ-12-MBA 244,YES,YE-45-133,YES,,NO,455F3C714E,YES,167.772,Thermister,890342,"Pregnant-no surgery.
Right Pit Tag not checked, 
Other #: 167.772",f,a,3,3,50.7,23,116.5,74.9,27,41.7,,Light,,,,7.2,,10,STAEDLER,NO,NO,,,Age estimated at 7 years by Staedler at time of capture but later changed to 10 years as per original estimation,,,,,Boat Release,36?37.786,-121?55.139
N-1288-06-S,28-Jul-10,1011-06,548,MON,TINKER/ESTES,14:35,CYPG,MON,36.5784,-121.97735,YES,Hatfield,Wilson Traps/ Divers,NO,NO,NO,RE-12-188,YES,OR-45-174,YES,,NO,4762524323,YES,167.793,Thermister,290284,,f,a,1,3,40.3,18.3,115,71.5,29.3,43.9,,Light,,,FX U L PMI,6.7,Midline mandible,9.5,MURRAY,NO,NO,,,Lambdoidal crest to nose: 19.4 cm  Temple to Temple:  90.61mm,,,,,Shore Release,36?34.704,-121?58.641
N-1292-06-S,29-Apr-09,6-192,449,MON,TINKER/ESTES,10:23,PPE,MON,36.635917,-121.94515,YES,Harris,Wilson Traps/ Divers,NO,NO,NO,YE-12-MBA 038,YES,RE-12-187,YES,4773456903,YES,4809586779,YES,167.735,Thermister,removed,TDR removal,f,a,3,3,42.1,19.1,115,69,28.4,45.4,,Moderate,,,,6.7,,9,STAEDLER,NO,NO,,,,,,,,Shore Release,36?38.191,-121?56.208
N-1296-06-S,8-Sep-11,6-229,531,MON,TINKER/ESTES,14:30,CYPG,MON,36.577467,-121.97705,YES,Hatfield,Wilson Traps/ Divers,NO,YES,NO,YE-12-MBA 110,YES,PU-12-MBA 58,YES,,NO,47471B1440,YES,165.332,Thermister,,Caught with 1038-07,f,a,3,3,48.5,22,116.1,81,28,45.6,,,,,,,,7,VIENS,NO,NO,,,,,,,,Shore Release,36?34.997,-121?58.255
N-1296-06-S,29-Apr-09,6-229,429,MON,TINKER/ESTES,13:22,CYPG,MON,36.57845,-121.977317,YES,Harris,Wilson Traps/ Divers,NO,YES,NO,YE-12-MBA035,YES,PU-1/2-43,YES,47693A054C,YES,47471B1440,YES,165.332,Thermister,removed,,f,a,,4,45.4,20.6,116.5,72.5,27.8,45.6,,Light,,,,7,,5,STAEDLER,NO,NO,,,age should be 7 -ms,,,,,Shore Release,36?35.373,-121?57.854
N-1300-06-S,9-Jun-09,George,438,MON,TINKER/ESTES,12:22,STWC,MON,36.563133,-121.94075,YES,Hatfield,Wilson Traps/ Divers,NO,NO,NO,PI-4/5-MBA 119,NO,PU-4/5-3,NO,,NO,4810667960,YES,166.007,Thermister,890390,Blood kit had a question mark next to it on the capture form.,m,o,3,2,62.8,28.5,130.2,78,29.7,51.5,21,Very Heavy,,,,8.3,,11,STAEDLER,YES,NO,,,,,,,,Shore Release,36?33.788,-121?56.445
N-1305-06-S,24-Aug-09,4-942,458,MON,TINKER/ESTES,15:01,OPW,MON,36.635383,-121.921533,YES,Weitzman,Wilson Traps/ Divers,NO,NO,NO,YE-1/2-48,YES,PU-4/5-45,YES,480323716A,YES,480E5BID33,YES,167.684,Thermister,Removed,TDR removed,f,a,3,3,54,24.5,118.6,73.7,27.5,45.8,,Moderate,,,,7.6,,10,STAEDLER,NO,NO,,,,,,,,Davit Release,36?37.163,-121?53.982
N-1306-06-S,16-Dec-10,1030-06,519,MON,TINKER/ESTES,10:40,OPW,MON,36.634583,-121.9185,YES,Hatfield,Wilson Traps/ Divers,NO,NO,NO,PI-3/4-MBA 123,YES,TQ-45-249,YES,477A051A1F,NO,476006345C,YES,165.324,Thermister,890189,,m,a,3,1,68.1,30.9,131.1,80.5,31.3,46.7,23.5,Moderate,,,,8.3,,10,STAEDLER,NO,NO,,,2cm laceration adjacent to Left digit 5 ped.,,,,,Boat Release,N 36?38.075,W 121?55.110
N-1306-06-S,23-Apr-09,1030-06,447,MON,TINKER/ESTES,13:09,OPE,MON,36.632783,-121.919783,YES,Harris,Wilson Traps/ Divers,NO,YES,NO,PI-4/5-MBA 106,YES,TQ-45-346,YES,477A051A1F,YES,476006345,YES,165.324,Thermister,890189,,m,a,3,1,68.3,31,130,79.5,29.5,46.2,24,Moderate,,,,8,,9,STAEDLER,NO,NO,,,Lacerations L Flipper,,,,,Shore Release,36?37.848,-121?55.335
N-1308-07-S,15-Dec-10,4-884,523,MON,TINKER/ESTES,10:29,MBA,MON,36.619533,-121.898383,YES,Tomoleoni,Wilson Traps/ Divers,NO,YES,YES,TQ-12-MBA 243,YES,SI-12-7260,YES,,NO,474F5A7819,YES,164.884,Thermister,,Caught w/ 4-168; Radio transmitter not working,f,a,3,3,63.9,29,118.2,82.5,27.6,42.4,,Heavy,,,,7.3,,9,STAEDLER,NO,NO,,,Visibly and palpably pregnant. Near term Pregnancy,,,,,MBA Davit,,
N-1308-07-S,22-Sep-09,4-884,460,MON,TINKER/ESTES,14:09,OPW,MON,36.6342,-121.920783,YES,Ames,Wilson Traps/ Divers,NO,NO,YES,TQ-23-MBA 334,YES,SI-1/2-36,YES,,NO,474F5A7819,YES,164.884,Thermister,Removed,,f,a,3,3,50,22.7,118.1,73.6,27,44.7,,Light,,,,7.3,,6,STAEDLER,NO,NO,,,"last capture weight, 21.1 kg; Pregnant",,,,,Boat Release,36?30.054,-121?55.247
N-1309-07-S,15-Jul-08,7-816,n/a,MON,TINKER/ESTES,12:53,ELTO,MON,36.618133,-121.896317,YES,Ames,Wilson Traps/ Divers,YES,NO,NO,TQ-1/2-MBA 089,YES,CH-12-6686,YES,,NO,486D680E6B,YES,167.816,Thermister,790345,"tagging of pup, no drugs on female, can't do length",f,a,2,1,43.7,19.8,,,0,,,,,,,,,6,,NO,NO,,,"female awake, only tags replaced",N-1342-08-5,F,8.1,,Shore Release,36?37.142,-121?54.039
N-1312-07-S,23-Apr-09,1037-07,448,MON,TINKER/ESTES,13:09,OPE,MON,36.635117,-121.922533,YES,Weitzman,Wilson Traps/ Divers,NO,YES,NO,RE-1/2-MBA 167,YES,RB-1/2-MBA 035,YES,47780D2C6C,YES,4878650819,NO,165.033,Thermister,890190,,f,a,2,3,37.5,17,113,68.5,25,43.5,,Moderate,,,,7.5,,7,STAEDLER,NO,NO,,,,,,,,Shore Release,36?37.840,-121?55.324
N-1312-07-S,27-Oct-10,1037-07,517,MON,TINKER/ESTES,11:27,OPE,MON,36.62945,-121.918017,YES,Weitzmen,Wilson Traps/ Divers,NO,NO,YES,RE-1/2-MBA 154,YES,RB-1/2-28,YES,47780D2C6,YES,4878350819,YES,165.033,Thermister,890190,captured for TDR removal but was very preganant ; in fact had pup next day 10/28,f,a,3,3,51.6,23.4,114.3,74.6,28.1,42.5,,Heavy,,,,7.1,,9,STAEDLER,NO,NO,,,17.9 mm Lamboidal crest to nose; 903.31 mm Temple to temple,,,,,Boat Release,36?37.846,-121?55.327
N-1313-07-S,8-Sep-11,1038-07,588,MON,TINKER/ESTES,14:30,CYPG,MON,36.577467,-121.97705,YES,Hatfield,Wilson Traps/ Divers,NO,YES,YES,RE-1/2-MBA 139,YES,GO-45-7154,YES,,NO,487A353261,YES,166.678,Thermister,690091,,f,a,3,3,46.1,20.9,119,72.4,28.7,43.2,,,,,,,,6,STAEDLER,NO,NO,,,"Pregnant, unable to remove TDR",,,,,Shore Release,36?34.997,-121?58.255
N-1313-07-S,29-Jul-10,1038-07,552,MON,TINKER/ESTES,12:37,CYPG,MON,36.5784,-121.97735,YES,Hatfield,Wilson Traps/ Divers,NO,YES,NO,RE-1/2-MBA 119,YES,GO-4/5-34,YES,,NO,487A353261,YES,166.678,Thermister,690091,,f,a,2,2,46.3,21,118.7,70,28.8,44.4,,Light,,,,7,,5,STAEDLER,NO,NO,,,Lambdoidal crest to nose: 18.2 mm; Temple to Temple:  97.77 mm,,,,,Boat Release,36?34.704,-121?58.641
N-1313-07-S,16-Jan-13,1038-07,34,MON,TINKER/ESTES,14:03,SCRD,MON,36.542133,-121.9373,YES,Kenner,Wilson Traps/ Divers,NO,NO,NO,,YES,,YES,,NO,407A353261,YES,166.678,Thermister,removed,,f,a,3,2,48.7,22.1,118.1,74.9,28.5,43.9,,,,,,,,8,STAEDLER,NO,YES,,,,,,,,Shore Release,36?35.007,-121?58.340
N-1317-07-S,29-Jul-10,7-609,1,MON,TINKER/ESTES,12:37,CYPG,MON,36.5784,-121.97735,YES,Kenner,Wilson Traps/ Divers,NO,YES,NO,TQ-1/2-MBA 204,YES,YE-1/2-43,YES,,NO,487A57787B,YES,167.609,Thermister,removed,TDR removed,f,a,2,3,45.6,20.7,120.1,73.9,29.4,47,,Light,,,,7.4,,7,STAEDLER,NO,NO,,,More distinct nose scar forming; Lambdoidal crest to nose: 17.5 mm; Temple to Temple: 90.02 mm,,,,,Shore Release,36?35.005,-121?58.343
N-1321-07-S,10-Jun-09,7-613,440,MON,TINKER/ESTES,10:52,CYPG,MON,36.575817,-121.9749,YES,Harris,Wilson Traps/ Divers,NO,YES,NO,TQ-12-MBA 312,YES,BR-1/2-22,YES,,NO,487912133A,YES,167.613,Thermister,removed,,f,a,3,3,42.3,19.2,120,68.5,28,49.1,,Heavy,,,,7.4,,11,STAEDLER,NO,NO,,,,,,,,Boat Release,36?34.549,-121?58.494
N-1325-07-S,27-Sep-07,7-753,352,MON,TINKER/ESTES,15:56,BIRN,MON,36.610583,-121.966067,NO,Kemer,Wilson Traps/ Divers,NO,NO,NO,TQ-1/2-MBA 057,YES,OR-12-6787,YES,,NO,487964481D,YES,167.753,Thermister,790336,0,f,a,1,3,47.8,21.7,114.7,73,28.6,44.2,,Light,,,,6.8,,5.5,YOUNG,NO,NO,3,B,Pictures:  72-73; aged at  3-4 by Matson; broken tooth,,,,,Shore Release,36?35.002,-121?58.268
N-1327-07-S,27-Sep-07,7-649,349,MON,TINKER/ESTES,17:05,CYPG,MON,36.575933,-121.973817,NO,Esslinger,Wilson Traps/ Divers,NO,YES,NO,TQ-12-MBA 021,YES,PU-12-7030,YES,,NO,,NO,167.649,Thermister,790339,,f,a,2,1,45.6,20.7,118.5,84.5,31,43.2,,Very Light,,,,7.1,,4,STAEDLER,NO,NO,6,B,"aged 5-7 by Matson, no photo. Pit tag not done",,,,,Shore Release,36?34.999,-121?58.255
N-1328-07-S,27-Sep-07,7-595,357,MON,TINKER/ESTES,17:05,CYPG,MON,36.575933,-121.973817,NO,Hatfield,Wilson Traps/ Divers,NO,YES,NO,TQ-45-MBA 079,YES,WH-12-6474,YES,,NO,48793A6550,YES,167.595,Thermister,790335,,f,a,2,1,42.8,19.4,118.5,70.5,29.4,44.5,,Very Light,,,upper rt. Pm1 broken.,6.7,,3.5,STAEDLER,NO,NO,4,A,Photos:  76-78,,,,,Shore Release,35?34.999,-121?58.255
N-1329-07-S,7-Jun-10,7-665,513,MON,TINKER/ESTES,12:45,ELTO,MON,36.61765,-121.8978,YES,Hatfield,Wilson Traps/ Divers,NO,YES,NO,TQ-12-MBA 238,YES,RE-45-149,YES,475E184207,YES,4898224950,YES,167.665,Thermister,,,f,a,3,1,45.9,20.8,119.8,74,28.4,42.1,,Very Light,,,,6.6,,3.5,VIENS,NO,NO,,,Normal body condition; not palpably pregnant,,,,,MBA Davit,36?37.142,-121?54.039
N-1329-07-S,13-Feb-12,7-665,111,MON,TINKER/ESTES,10:50,MHAR,MON,36.609283,-121.893233,YES,Mayer,Restraint Gloves,NO,NO,NO,TQ-1/2-MBA 229,NO,RE-45-6029,NO,,NO,4878224950,YES,167.665,Thermister,,"Capture with restraint gloves off the CGP docks. Did not have pup which according to a trusted sources she had on 2/12/12, Was lethargic and not concerned with people.  Radio not working. MBA #580-12",f,a,4,4,39.2,17.8,118.9,68.6,28.3,42.6,,,,,,,,7.5,STAEDLER,NO,NO,,,"Moderate swelling, erythema on muzzle, nasal pad - older injury - 1 cm laceration L upper lip.  Avulsed claws- L manus digit 1/2.  Upper airway stridor; swollen muzzle.",,,,,Shore Release,36?36.557,-121?53.594
N-1333-08-S,24-Aug-09,Blanca,459,MON,TINKER/ESTES,15:45,MBA,MON,36.619083,-121.900033,YES,Harris,Wilson Traps/ Divers,NO,NO,YES,WH-12-6487,NO,WH-12-6496,NO,,NO,47623C607D,YES,,,,,f,s,2,2,43.2,19.6,115,72.4,28.1,44.9,,,,,,7.5,,1.97,KNOWN DOB,NO,NO,,,"Palpably pregnant; but may have lost pup, we never saw it",,,,,MBA Davit,36?37.142,-121?54.039
N-1333-08-S,19-Apr-12,Blanca,584,MON,TINKER/ESTES,14:30,MBIN,MON,36.612567,-121.895267,YES,Harris,Wilson Traps/ Divers,NO,NO,NO,,YES,,YES,,NO,47623C607D,YES,167.578,Thermister,,,f,a,2,2,48.1,21.8,119.7,78.1,28.2,45.1,,,,,,,,5,STAEDLER,NO,NO,,,,,,,,MBA Davit,36?37.143,-121?54.041
N-1333-08-S,2-Dec-09,Blanca,507,MON,TINKER/ESTES,15:48,ELTO,MON,36.617183,-121.89645,YES,Hatfield,Wilson Traps/ Divers,NO,NO,NO,WH-12-6487,NO,WH-12-6496,NO,,NO,47623C607D,YES,165.345,Thermister,990401,,f,s,1,1,47.8,21.7,116.1,74.8,28.7,45.7,,Very Light,,,,7.1,,2.25,STAEDLER,NO,NO,,,"temple-temple=127.4, nose-chest=176.1",,,,,Boat Release,36?37.142,-121?54.039
N-1334-08-S,16-Dec-10,Lola,521,MON,TINKER/ESTES,14:05,HMSE,MON,36.622617,-121.90105,YES,Young,Wilson Traps/ Divers,NO,YES,NO,CH-1/2-MBA 138,YES,CH-12-139,YES,4878326A28,YES,4734625372,YES,166.69,Thermister,990397,,f,s,2,1,39,17.7,112.7,68.9,27.6,44,,Light,,,,7.1,,3.11,STAEDLER,NO,NO,,,,,,,,MBA Davit,36?37.142,-121?54.039
N-1334-08-S,2-Sep-11,Lola,529,MON,TINKER/ESTES,11:56,HMSE,MON,36.622317,-121.901967,YES,Hatfield,Wilson Traps/ Divers,NO,NO,NO,CH-1/2-MBA 144,YES,CH-12-149,YES,,NO,4878326A28,YES,166.69,Thermister,removed,,f,a,3,4,40.8,18.5,112.15,74.5,28.3,41.8,,,,,,,,3,STAEDLER,NO,NO,,,,,,,,MBA Davit,36?37.142,-121?54.039
N-1343-08-S,24-Aug-09,Marigold,457,MON,TINKER/ESTES,12:35,PPE,MON,36.642117,-121.936567,YES,Harris,Wilson Traps/ Divers,NO,NO,NO,YE-1/2-MBA 050,YES,YE-45-7000,YES,,NO,48791C663B,YES,167.554,Thermister,890377,,f,s,1,,30.4,13.8,100,26.5,25.4,43.7,,Very Light,,,,7.3,,1.11,STAEDLER,NO,NO,,,,,,,,Boat Release,36?38.527,-121?56.194
N-1344-08-S,22-Oct-08,1065-08,384,MON,TINKER/ESTES,16:31,HMSE,MON,36.621583,-121.899967,NO,Harris,Wilson Traps/ Divers,NO,NO,NO,RE-4/5-MBA 107,YES,RB-45-6265,YES,,NO,4879742740,YES,,,,,m,a,3,1,63.1,28.6,127,78.4,3,47.8,18.2,Moderate,,,,8.6,,6,STAEDLER,NO,NO,,,,,,,,MBA Davit,36?37.142,-121?54.039
N-1344-08-S,22-Apr-09,1065-08,443,MON,TINKER/ESTES,14:50,HMSE,MON,,,YES,Hatfiled/Kenner,Wilson Traps/ Divers,NO,NO,NO,RE-45-107,NO,RB-45-6265,NO,476858253A,YES,4879742740,YES,167.581,Thermister,890194,,m,a,3,1,59,26.76,127.1,77.2,29,48.6,21,Moderate,,,,8.1,,7,STAEDLER,NO,NO,,,Wound on R. Flipper,,,,,MBA Davit,,
N-1375-08-S,7-Nov-08,6-409B,n/a,,TINKER/ESTES,,,,,,NO,,,NO,NO,NO,WH-45-223,NO,YE-12-6991,NO,,NO,,NO,166.409,,,,,,,,,,,,0,,,,,,,,,,,NO,NO,,,,,,,,,,
N-1380-09-S,8-Apr-09,1107-09,1,MON,TINKER/ESTES,11:59,PPE,MON,36.639817,-121.9406,NO,Hatfield,Wilson Traps/ Divers,NO,NO,NO,RE-45-MBA 184,YES,PI-45-135,YES,,NO,476D153E03,YES,,,,,m,a,2,2,64.6,29.3,124.1,77.8,27.9,48.9,24,,,,,8.4,,7,STAEDLER/MURRAY,NO,NO,,,,,,,,Boat Release,36?38.389,-121?56.436
N-1381-09-S,22-Apr-09,7-747,441,MON,TINKER/ESTES,12:00,OPE,MON,36.631167,-121.92005,NO,Kenner,Wilson Traps/ Divers,NO,YES,NO,LB-4/5-MBA 060,YES,WH-12-7,YES,,NO,476C406F56,YES,167.747,Thermister,890361,,m,a,2,4,59,26.76,125.7,78.6,29,46.6,,Moderate,,,,8.3,,10,STAEDLER,NO,NO,,,"Nose:  59# wound upper nares.  6mm erosion L upper lip.  Sm excoriation L ventral mandibular ramus, Bite wound L dorsal Manus.  Nadya tagged left flipper.",,,,,Shore Release,36?37.710,-121?55.223
N-1381-09-S,9-Jun-10,7-747,512,MON,TINKER/ESTES,12:12,OPE,MON,36.6302,-121.919583,YES,Hatfield,Wilson Traps/ Divers,NO,NO,NO,LB-4/5-MBA 060,NO,WH-12-7,NO,,NO,476C406F56,YES,167.747,Thermister,Removed,,m,a,3,3,63.9,29,127,77,29.9,46.2,17.4,Moderate,,,,8.6,,10.5,STAEDLER,NO,NO,,,Tiny pink scar on nose    Lamdoidal crest to nose: 18mm. Temple to temple: 101.18,,,,,Boat Release,36?37.812,-121?55.175
N-1386-09-S,29-Apr-09,7-722,430,MON,TINKER/ESTES,13:22,CYPG,MON,36.5784,-121.977117,NO,Weitzman,Wilson Traps/ Divers,NO,YES,NO,YE-1/2-MBA 027,YES,RB-4/5-37,YES,,NO,476C494A2F,YES,167.722,Thermister,890183,,f,a,3,3,45.9,20.8,113.9,70.6,27.5,45,,Light,,,,7.5,,5,STAEDLER,NO,NO,,,Some grizzle on chest. Pregnant upon opening,,,,,Shore Release,36?34.940,-121?58.128
N-1386-09-S,12-Jan-12,7-722,31,MON,TINKER/ESTES,11:50,CYPG,MON,36.577683,-121.976767,NO,Hatfield,Wilson Traps/ Divers,NO,YES,NO,YE-1/2-MBA 129,YES,RB-45-2,YES,,NO,476C494A2F,YES,167.722,Thermister,Removed,,f,a,3,3,40.1,18.2,112.2,70.5,27.6,43.3,,,,,,,,9,STAEDLER,NO,NO,,,,,,,,Shore Release,36?34.987,-121?58.312
N-1387-09-S,2-Sep-11,6-485,572,MON,TINKER/ESTES,10:29,MBA,MON,36.618533,-121.899283,YES,Hatfield,Wilson Traps/ Divers,NO,NO,YES,YE-4/5-MBA 103,YES,TQ-12-215,YES,,NO,476A60810,YES,166.485,Thermister,,,m,a,3,,69,31.3,129,81.5,29.5,46.2,15.6,,,,,,,9,STAEDLER,NO,NO,,,,,,,,MBA Davit,36?37.142,-121?54.039
N-1387-09-S,23-Sep-14,6-485,18,MON,TINKER/ESTES,16:30,MBA,MON,36.6179,-121.89975,YES,Kenner,Wilson Traps/ Divers,NO,YES,NO,,YES,,YES,,NO,476A6008D,YES,,,,,m,o,4,1,69,31.3,130.5,80.8,31.5,44.1,20.7,,,,,,,11,YOUNG,NO,NO,,,Very Full Urinary bladder,,,,,MBA Davit,36?37.142,-121?54.039
N-1387-09-S,15-Dec-10,6-485,520,MON,TINKER/ESTES,11:21,MBA,MON,36.619667,-121.898417,YES,Tomoleoni,Wilson Traps/ Divers,NO,NO,NO,TQ-4/5-MBA 246,YES,YE-12-140,YES,,NO,476A600810,YES,166.485,Thermister,,,m,a,4,1,68.6,31.1,131.4,76.8,30.7,45.4,22,Light,,,,8.6,,6,VIENS/STAEDLER,NO,NO,,,,,,,,MBA Davit,36?37.142,-121?54.039
N-1387-09-S,29-Apr-09,6-485,432,MON,TINKER/ESTES,16:05,MBA,MON,36.619467,-121.899,NO,Ames,Dip Net - Boat,NO,NO,NO,YE-4/5-MBA 026,YES,TQ-12-345,YES,,NO,476A60081D,YES,166.485,Thermister,890340,,m,a,3,1,64.2,29.1,128.4,71,28.7,47.5,21.2,Very Light,,,,8,,6,STAEDLER,NO,NO,,,Little pink line across nose,,,,,MBA Davit,36?37.142,-121?54.039
N-1387-09-S,27-Apr-10,6-485,544,MON,TINKER/ESTES,10:40,MBA,MON,36.6181,-121.9009,YES,Hatfield,Wilson Traps/ Divers,NO,NO,NO,YE-4/5-MBA 147,YES,TQ-12-232,YES,,NO,476A60081D,YES,166.485,Thermister,removed,,m,a,3,1,68.1,30.9,130.2,73,29.3,48.5,18.4,Light,,,,8.4,,7,STAEDLER,NO,NO,,,Lambdoidal crest to nore: 19.5 cm Temple to templ 112.4 mm,,,,,MBA Davit,36?37.142,-121?54.039
N-1388-09-S,28-May-09,5-446,433,MON,TINKER/ESTES,10:15,BER,MON,36.62425,-121.910417,NO,Kenner,Wilson Traps/ Divers,NO,NO,NO,OR-12-6770,YES,WH-45-232,YES,,NO,476D0B6731,YES,165.446,Thermister,890195,,f,a,3,4,38.1,17.3,121,73.4,30.8,46.3,,Light,,,,7.3,,8,STAEDLER,NO,NO,,,,,,,,MBA Davit,36?37.142,-121?54.039
N-1388-09-S,1-Sep-11,5-446,589,MON,TINKER/ESTES,11:40,OPE,MON,36.6307,-121.918567,YES,Weitzman,Wilson Traps/ Divers,NO,NO,NO,OR-1/2-MBA 047,YES,WH-45-103,YES,,NO,476DOB6731,YES,165.446,Thermister,removed,,f,a,3,4,47.4,21.5,121.7,77.5,30.4,49.8,,,,,,,,9,MURRAY,NO,NO,3,,,,,,,MBA Davit,36?37.142,-121?54.039
N-1389-09-S,28-May-09,5-044,434,MON,TINKER/ESTES,12:20,PPE,MON,36.635683,-121.94495,NO,Kenner,Wilson Traps/ Divers,NO,YES,NO,PI-3/4-MBA 113,YES,CH-12-168,YES,,NO,477A2F6359,YES,165.044,Thermister,890376,,m,a,2,2,52.9,24,122.1,77,28.9,47.7,17.2,Very Light,,,,8,,4,STAEDLER,NO,NO,,,Right rear 4/5 1cm slash/ Left rear 4/5 2.5cm slash,,,,,Boat Release,36?38.141,-121?56.697
N-1390-09-S,28-May-09,5-069,435,MON,TINKER/ESTES,12:20,PPE,MON,36.640767,-121.935033,NO,Kenner,Wilson Traps/ Divers,NO,YES,NO,YE-12-MBA 049,YES,OR-12-6772,YES,,NO,476C1A0 179,NO,165.069,Thermister,890364,,f,s,1,1,31.1,14.1,107.8,60,28,41.6,,Very Light,,,,6.7,,2.5,STAEDLER,NO,NO,,,,,,,,Boat Release,36?38.446,-121?56.102
N-1390-09-S,28-Oct-10,5-069,518,MON,TINKER/ESTES,10:52,OPE,MON,36.631,-121.915517,YES,Hatfield,Wilson Traps/ Divers,NO,NO,NO,YE-1/2-MBA 027,YES,OR-12-184,YES,,NO,476C1A0179,YES,165.069,Thermister,removed,captured for TDR removal,f,a,1,3,31.7,14.4,113.5,65.9,29.9,43.3,,Very Light,,,,7,,4,STAEDLER,NO,NO,,,Lambdoidal crest to nose: 17 mm; Temple to Temple: 902.28 mm,,,,,Boat Release,N 36?37.860,W 121?54.931
N-1391-09-S,28-May-09,5-369,436,MON,TINKER/ESTES,13:45,CYPG,MON,36.577917,-121.9771,NO,Ames,Wilson Traps/ Divers,NO,NO,NO,TQ-4/5-MBA 318,YES,YE-45-6982,YES,,NO,473 452 713E,YES,165.369,Thermister,890344,,m,a,2,1,54.2,24.6,123,73.4,29.7,45.9,17,Very Light,,,,8,,5,STAEDLER,NO,NO,,,Right flipper- wound outside edge. Wound on bridge of nose. Small wounds 2/3 digit and 3 digit of dorsal side right flipper,,,,,Shore Release,36?35.002,-121?58.344
N-1392-09-S,9-Jun-09,6-118,437,MON,TINKER/ESTES,11:00,BIRN,MON,36.592633,-121.966217,NO,Hatfield,Wilson Traps/ Divers,NO,NO,NO,TQ-1/2-MBA 316,YES,PI-45-118,YES,,NO,476B6F2E7C,YES,166.118,Thermister,890351,,f,s,1,1,37,16.8,111.5,64.7,27.4,41.2,,Very Light,,,,7.2,,2,STAEDLER,NO,NO,,,,,,,,Shore Release,36?35.668,-121?57.659
N-1393-09-S,9-Jun-09,1120-09,439,Mon,TINKER/ESTES,15:20,CYPG,MON,36.575933,-121.97495,NO,Harris/Hatfield,Wilson Traps/ Divers,NO,NO,YES,OR-12-6774,NO,OR-12-6775,NO,,NO,48084B7071,YES,,,,,f,a,3,3,47.2,21.4,123.1,72,31.4,48.5,,Moderate,,,,7.8,,8,STAEDLER,NO,NO,,,palpably pregnant - 2/3 - 3/4 term,,,,,Shore Release,,
N-1395-09-S,1-Sep-11,6-168,592,MON,TINKER/ESTES,14:45,OPW,MON,36.634767,-121.921,NO,Hatfield,Wilson Traps/ Divers,NO,NO,YES,TQ-1/2-MBA 212,YES,TQ-12-214,YES,,NO,4A3FOEOF54,YES,166.168,Thermister,890367,,f,a,2,3,44.8,20.3,117,70.5,29,45.5,,,,,,,,8,STAEDLER,NO,NO,,,"Palpably pregnant, approx. 1/2 to 1/3 term. Fetal swelling approx. 4cm x 8cm",,,,,MBA Davit,36?37.142,-121?54.039
N-1395-09-S,7-Oct-10,6-168,515,MON,TINKER/ESTES,16:01,OPW,MON,36.6338,-121.9193,YES,Hatfield,Wilson Traps/ Divers,NO,NO,YES,TQ-1/2-MBA 322,NO,TQ-1/2-MBA 323,NO,,NO,4A3F0EOF54,YES,166.168,Thermister,890367,Very pregnant - no TDR removed this time; released off MBA davit,f,a,3,2,53.6,24.3,116.4,75,27.3,46.6,,Light,,,,7.6,,6,MURRAY,NO,NO,,,Rotund   aka hence the new name Rotunda; Lambdoidal crest to nose = 16.3mm; Temple to Temple = 380.74 mm,,,,,,36?37.142,-121?54.039
N-1395-09-S,10-Jun-09,6-168,443,MON,TINKER/ESTES,14:00,PTJW,MON,36.614917,-121.949,NO,Harris,Wilson Traps/ Divers,NO,YES,NO,TQ-1/2-MBA 322,YES,TQ-12-323,YES,,NO,4A3F0E0F54 NT,YES,166.168,Thermister,890367,Lost other otter.,f,a,2,3,39.2,17.8,116.1,68.5,33,45.7,,Very Light,,,,6.8,,4,VIENS/STAEDLER,NO,NO,,,,,,,,Boat Release,36?36.895,-121?56.940
N-1395-09-S,1-Jul-14,6-168,14,MON,TINKER/ESTES,12:35,PPE,MON,36.6396,-121.935117,YES,Hatfield,Wilson Traps/ Divers,NO,NO,YES,,YES,,YES,,NO,4A3FOEOF54,YES,165.033,,removed,,f,a,3,3,44.8,20.3,117,71.1,28.5,42.7,,,,,,,,8,YOUNG,NO,NO,,,"Murray told Staedler that she was pregant, but still in early stage.",,,,,MBA Davit,36§37.142,-121§54.039
N-1396-09-S,10-Jun-09,6-493,445,MON,TINKER/ESTES,16:38,PPE,MON,36.638833,-121.93615,NO,Kenner,Wilson Traps/ Divers,NO,YES,NO,TQ-12-326,YES,LG-4/5-85,YES,,NO,4A3D736922 NT,YES,166.493,Thermister,890352,,f,a,1,5,37.9,17.2,115.5,67.5,29.9,43,,Moderate,,,,7.1,,4,STAEDLER,NO,NO,,,"Chunk of her nose missing, some pink on nose.",,,,,Shore Release,36?38.223,-121?56.098
N-1396-09-S,2-Sep-11,6-493,528,MON,TINKER/ESTES,11:10,LUCA,MON,36.6353,-121.922033,YES,Weitzman,Wilson Traps/ Divers,NO,YES,NO,TQ-1/2-MBA 216,YES,LG-4/5-72,YES,4A3D736922,YES,,NO,166.493,Thermister,removed,,f,a,1,3,40.8,18.5,116.2,70,29.2,42.7,,,,,,,,6,,NO,NO,,,measured left paw not right,,,,,Boat Release,36?38.101,-121?55.322
N-1397-09-S,16-Jun-09,6-359,446,MON,TINKER/ESTES,9:30,MOSS,MON,36.610567,-121.95405,NO,Weitzman,Wilson Traps/ Divers,NO,NO,NO,TQ-1/2-MBA 328,YES,OR-45-6756,YES,,NO,477173641B,YES,166.359,Thermister,890188,,f,s,1,3,37.9,17.2,116.5,67.6,28.3,40.7,,Very Light,,,,6.9,,3,STAEDLER,NO,NO,,,Lower left canine recently broken,,,,,Shore Release,36?36.645,-121?56.920
N-1398-09-S,2-Jul-15,6-381,43,MON,TINKER/ESTES,12:16,MBIN,MON,36.6133,-121.895967,YES,Tomoleoni,Wilson Traps/ Divers,NO,NO,YES,,YES,,YES,,NO,477A5E2500,YES,,,,,f,o,4,2,63.5,28.8,122.6,84.6,29.5,44.1,,,,,,,,12,FUJII,NO,NO,,,"Palpably pregnant. Near Term. Fetus skull on left side, fetus partially in delivery direction.Milk Present. X-ray= single fully developed fetus on left",,,,,MBA Davit,,
N-1398-09-S,16-Jun-09,6-381,447,MON,TINKER/ESTES,11:05,MBA,MON,36.62095,-121.898567,NO,Ames,Wilson Traps/ Divers,NO,NO,NO,TQ-1/2-MBA 338,YES,LB-45-6168,YES,,NO,477A5E2500,YES,166.381,Thermister,890185,,f,a,3,3,47.8,21.7,122.1,73.6,30.5,43.5,,Very Light,,,,6.7,,6,STAEDLER,NO,NO,,,"Frosted ""toe"" fur",,,,,MBA Davit,36?37.142,-121?54.039
N-1398-09-S,11-Nov-12,6-381,24,MON,TINKER/ESTES,12:04,DLMT,MON,36.603367,-121.881383,YES,Tomoleoni,Wilson Traps/ Divers,NO,NO,NO,,YES,,YES,,NO,477A5E2500,YES,166.381,Thermister,Removed,,f,a,4,3,47.4,21.5,123,77,29.5,44.7,,,,,,,,8.5,STAEDLER,NO,NO,,,,,,,,MBA Davit,36?37.142,-121?54.039
N-1399-09-S,29-Jul-10,6-131,549,MON,TINKER/ESTES,9:59,Berwick,MON,36.633683,-121.91085,YES,Hatfield,Wilson Traps/ Divers,NO,NO,NO,TQ-1/2-MBA 206,NO,CH-45-143,NO,,NO,4769371E2C,YES,166.131,Thermister,,Otter was caught for explant - however capture processing team at that time did not realize she already had  it removed;,f,a,3,,47.8,21.7,119.3,75,28.9,46.5,,Moderate,,,,7.4,,10,VIENS,NO,NO,,,,,,,,Tank Release,36?37.126,-121?54.160
N-1399-09-S,16-Jun-09,6-131,448,MON,TINKER/ESTES,13:07,MBIN,MON,36.612667,-121.895,NO,Hatfield,Wilson Traps/ Divers,NO,NO,NO,TQ-1/2-MBA 329,YES,CH-4/5-45,YES,,NO,4769371E2C,YES,166.131,Thermister,890395,,f,a,3,2,43.2,19.6,120.1,72,28.2,43,,Heavy,,,,7.2,,9,STAEDLER,NO,NO,,,Missing left 5th digit,,,,,Boat Release,36?36.760,-121?53.700
N-1399-09-S,8-Jun-10,6-131,551,MON,TINKER/ESTES,14:50,ELTO,MON,36.616817,-121.897483,YES,Hatfield,Wilson Traps/ Divers,NO,NO,NO,TQ-1/2-MBA 206,YES,CH-45-143,YES,,NO,4769371E2C,YES,166.131,Thermister,Removed,,f,a,4,3,45.4,20.6,121.8,69.7,31.5,46.4,,Light,,,,7.5,,10,STAEDLER,NO,NO,,,Lambdoidal crest to nose: 17.5mm     Temple to temple: 97.88mm    Nasal mites. Muco purulent ocular discharge O.S.,,,,,MBA Davit,36?37.142,-121?54.039
N-1400-09-S,16-Jun-09,6-268,449,MON,TINKER/ESTES,16:48,OPW,MON,36.633683,-121.918917,NO,Hatfield,Wilson Traps/ Divers,NO,NO,NO,TQ-1/2-MBA 033,YES,PU-4/5-28,YES,,NO,4778214232,YES,166.268,Thermister,890366,Pre-capture behavior showed otter swimming and grooming with uncoordinated movements.,f,a,2,3,42.8,19.4,115.5,69.2,28.1,43.1,,Heavy,,,,7.1,,7,STAEDLER,NO,NO,,,Held overnight at MBA,,,,,,,
N-1400-09-S,18-Jun-09,6-268,n/a,MON,TINKER/ESTES,,MBA,MON,,,NO,Staedler,Dip Net - Rehab Tank,NO,NO,NO,,YES,,NO,,NO,4778214232,YES,166.268,Thermister,890366,Captured on 6/16/09 and placed in MBA Tank after surgery,f,,,,,,,,,,,,,,,,,,,NO,NO,,,See form from 6/16/09 for details,,,,,Shore Release,36?37.848,-121?55.334
N-1400-09-S,7-Jun-10,6-268,508,MON,TINKER/ESTES,12:45,ELTO,MON,36.61765,-121.897883,YES,Hatfield,Wilson Traps/ Divers,NO,YES,NO,TQ-1/2-MBA 202,YES,PU-4/5-16,YES,,NO,4778214232,YES,166.268,Thermister,Removed,,f,a,2,3,43.2,19.6,117,75.2,30,42.8,,Light,,,,7.4,,5.5,VIENS,NO,NO,,,Lambdoidal crest to nose : 15.14mm      Temple to Temple: 95.67mm    Has history of poor recovery.,,,,,MBA Davit,36?37.142,-121?54.039
N-1400-09-S,3-Apr-13,6-268,n/a,MON,TINKER/ESTES,16:34,MBA,MON,36.619083,-121.89985,YES,Kenner,Wilson Traps/ Divers,NO,NO,NO,,YES,,YES,,NO,4778214232,YES,166.268,Thermister,removed,,f,a,3,4,42.8,19.4,115.9,,29.5,42.7,,,,,,,,11,STAEDLER,NO,NO,,,probably pregnant but fetus not pallable,,,,,MBA Davit,36?37.142,-121?54.039
N-1401-09-S,17-Jun-09,7-633,450,MON,TINKER/ESTES,10:50,CYPG,MON,36.57805,-121.9771,NO,Hatfield,Wilson Traps/ Divers,NO,YES,NO,TQ-1/2-MBA 341,YES,WH-12-227,YES,,NO,47740D1716,YES,167.633,Thermister,890191,,f,a,2,3,40.6,18.4,113.1,67,29.2,41.9,,Very Light,,Upper left canine piece found in capture box after shaking her out of kennel,,6.9,,5.5,MURRAY,NO,NO,,,Upper L canine piece found in capture box after shaking her out of Kennel,,,,,Shore Release,36?35.011,-121?58.280
N-1401-09-S,28-Jul-10,7-633,448,MON,TINKER/ESTES,11:22,CYPG,MON,36.5784,-121.97735,YES,Kenner,Wilson Traps/ Divers,NO,YES,NO,TQ-1/2-MBA 230,YES,WH-12-237,YES,,NO,47740D1716,YES,167.633,Thermister,removed,,f,a,2,3,39.2,17.8,114,69,28.9,42.6,,Light,,,,6.7,FX UP L C,6.5,STAEDLER,NO,NO,,,,,,,,Boat Release,36?34.704,-121?58.641
N-1402-09-S,17-Jun-09,1132-09,451,MON,TINKER/ESTES,10:50,CYPG,MON,36.5784,-121.97735,NO,Hatfield/ Weitzman,Wilson Traps/ Divers,NO,YES,YES,PI-12-142,YES,LB-45-6173,YES,,NO,47676E1E43,YES,,,,W/ 1128-09,f,a,3,3,47,21.3,116.5,70,27.2,45.2,,Light,,,,7.1,,6,STAEDLER,NO,NO,,,,,,,,Shore Release,3 6?35.011,1 21?58.280
N-1404-09-S,3-Feb-11,5-349,525,MON,TINKER/ESTES,13:01,OPE,MON,36.6343,-121.9191,YES,Hatfield,Wilson Traps/ Divers,NO,YES,NO,TQ-2/3-MBA 247,YES,WH-34-111,YES,47773A5241,YES,47773A5241,YES,165.349,Thermister,,,f,a,2,2,44.5,20.2,117.8,77,27.6,43.1,,Moderate,,,,,,6.5,STAEDLER,NO,NO,,,,,,,,MBA Davit,36?37.142,-121?54.039
N-1404-09-S,22-Apr-09,5-349,442,MON,TINKER/ESTES,12:00,OPE,MON,36.6314,-121.9204,NO,Hatfield,Wilson Traps/ Divers,NO,YES,NO,TQ-1/2-MBA 347,YES,WH-45-226,YES,,NO,47773A5241,YES,165.349,Thermister,890182,,f,a,1,4,38,17.24,116.4,71.2,28,43.4,,Heavy,,,,7.1,,9,STAEDLER,NO,NO,,,Nadya tagged left flipper.  R Paw digit 2 - broken nail.,,,,,Boat Release,36?37.884,-121?55.224
N-1404-09-S,8-Jun-10,5-349,550,MON,TINKER/ESTES,13:20,MBIN,MON,36.612733,-121.8926,YES,Harris,Wilson Traps/ Divers,NO,NO,NO,TQ-1/2-MBA 213,YES,WH-45-230,YES,,NO,47773A5241,YES,165.349,Thermister,Removed,,f,a,2,3,49.2,22.3,116,75,28.9,41,,Light,,,,7,,10,VIENS,NO,NO,,,Lambdoidal crest to nose: 19mm   Temple to temple: 96.5,,,,,MBA Davit,36?37.142,-121?54.039
N-1405-09-S,23-Apr-09,5-296,445,MON,TINKER/ESTES,9:50,MBIN,Mon,36.612367,-121.895233,NO,Harris,Wilson Traps/ Divers,NO,YES,NO,TQ-4/5-MBA 348,YES,TQ-45-349,YES,,NO,476D321E68,YES,165.296,Thermister,890192,Same freq. as condor.,f,a,3,3,44.1,20,112.4,70.6,27.5,44.2,,Light,,,,7,,5.5,STAEDLER,NO,NO,,,Nadya did left flipper tag/Staedler right.,,,,,MBA Davit,36?37.142,-121?54.039
N-1405-09-S,27-Oct-10,5-296,516,MON,TINKER/ESTES,10:30,MBA,MON,36.619667,-121.888233,YES,Young,Wilson Traps/ Divers,NO,NO,NO,TQ-4/5-MBA 203,YES,TQ-45-205,NO,,NO,476D321E68,YES,165.296,Thermister,removed,captured for TDR removal,f,a,3,3,41,18.6,113.7,69,28.5,43.4,,Moderate,,,,7,,8,STAEDLER,NO,NO,,,,,,,,MBA Davit,36?37.142,-121?54.039
N-1406-09-S,8-Sep-11,1111-09,591,MON,TINKER/ESTES,16:15,MBIN,MON,36.613617,-121.896367,YES,Hatfield/Young,Wilson Traps/ Divers,NO,NO,YES,PI-12-107,YES,WH-12-118,YES,,NO,4768293364,YES,,,,,f,a,4,3,51.6,23.4,118,76.5,27.9,39.8,,,,,,,,8,,NO,NO,,,,,,,,MBA Davit,,
N-1406-09-S,2-Jul-15,1111-09,45,MON,TINKER/ESTES,10:52,MBIN,MON,36.613133,-121.895983,YES,Hatfield,Wilson Traps/ Divers,NO,NO,YES,,YES,,YES,,NO,4768293364,YES,,,,,f,o,4,2,61.1,27.7,,,,,,,,,,,,9,FUJII,NO,NO,,,"Palpably pregnant. Near Term. Able to hear fetal heart. No milk present. Fetus on Right. Due to light anesthesia, no morphometrics taken",,,,,MBA Davit,,
N-1406-09-S,23-Apr-09,1111-09,446,MON,TINKER/ESTES,9:50,MBIN,MON,36.612567,-121.895167,NO,Harris,Wilson Traps/ Divers,NO,YES,YES,PI-1/2-MBA 102,YES,WH-1/2-MBA 241,YES,,NO,4768293364,YES,,,,W/ 1110-09.  Pregnant.,f,a,,1,48.5,22,116.2,84,28.4,39,,Very Light,,,,7.3,,3.5,STAEDLER,NO,NO,,,Pregnant.  MacCormick did left flipper / Staedler right flipper.,,,,,MBA Davit,,
N-1407-09-S,24-Apr-09,1112-09,n/a,MON,TINKER/ESTES,13:14,CYPG,MON,,,NO,Hatfield/Kenner,Wilson Traps/ Divers,NO,NO,YES,LB-1/2-89,NO,BR-1/2-25,NO,,NO,47765D0F54,NO,,,,Possibly preg.  -> tag only then release,f,a,2,1,47,21.3,,,0,,,,,,,,,,,NO,NO,,,Extra hole in 2/3 for DNA.  Otter Awake.,,,,,Boat Release,,
N-1408-09-S,8-Aug-09,1133-09,455,MON,TINKER/ESTES,11:12,MBA,MON,36.619383,-121.8997,NO,Weitzman/Harris,Wilson Traps/ Divers,NO,YES,NO,RE-1/2-14,YES,LG-1/2-71,YES,,NO,4777361340,YES,,,,With 1134-09,f,a,2,3,,17.9,116.6,70.7,28,41.3,,Moderate,,,,6.9,,8,STAEDLER,NO,NO,,,,,,,,MBA Davit,N 36?27.163,W 121?53.982
N-1409-09-S,24-Aug-09,1134-09,456,MON,TINKER/ESTES,11:12,MBA,MON,36.619383,-121.8997,NO,Weitzman,Wilson Traps/ Divers,NO,YES,NO,OR-1/2-MBA 190,YES,OR-12-6789,YES,,NO,4777392002,YES,,,,,f,a,2,3,45.4,20.6,117.4,73.5,30.1,44.4,,Light,,,,7.3,,5,STAEDLER,NO,NO,,,,,,,,MBA Davit,36?37.163,-121?53.982
N-1409-09-S,10-Jul-12,5-117,33,MON,TINKER/ESTES,13:50,MBA,MON,36.618317,-121.898583,YES,Harris,Wilson Traps/ Divers,YES,NO,NO,,YES,,YES,,NO,4777392002,YES,165.117,Thermister,,Pup known age of 7.14 weeks (Qual 1);  Left Pit tag read 4777992002 according to Viens;  Left Pit tag read 4777392002 on multiple previous readings.  Radio was a match.,f,a,2,2,49.6,22.5,118.2,79.5,28.2,40.7,,,,,,,,7.5,STAEDLER,NO,NO,,,,N-1484-12-S,M,6.4,84,MBA Davit,36?37.142,-121?54.039
N-1409-09-S,1-Feb-10,5-117,540,MON,TINKER/ESTES,9:47,MBIN,MON,36.6123,-121.89545,YES,Weitzman,Wilson Traps/ Divers,NO,YES,NO,RE-1/2-MBA 134,YES,RE-12-135,YES,,NO,4777392002,YES,165.117,Thermister,490860,,f,a,2,4,50,22.7,120,73.3,30.3,46.67,,Very Light,,,,7.69,,5.5,STAEDLER,NO,NO,,,"very full bladder, easily expressed. Lambdoidal crest to nose: 157.03mm; Temple to temple 126.16 mm",,,,,MBA Davit,36?37.142,-121?54.039
N-1409-09-S,3-Feb-11,5-117,524,MON,TINKER/ESTES,10:56,ELTO,MON,36.623333,-121.891667,YES,Hatfield,Wilson Traps/ Divers,NO,YES,NO,RE-12-MBA 125,YES,RE-1/2-MBA 136,YES,,NO,4777392002,YES,165.117,Thermister,removed,,f,a,1,2,47.8,21.7,119.6,73,29.3,45,,Very Light,,,,7.1,,5,STAEDLER,NO,NO,,,,,,,,MBA Davit,36?37.142,-121?54.039
N-1430-10-S,1-Feb-10,5-167,539,MON,TINKER/ESTES,9:47,MBIN,MON,36.6123,-121.89545,NO,Weitzman,Wilson Traps/ Divers,NO,YES,NO,YE-1/2-MBA 117,YES,YE-118-45,YES,,NO,4772003466,YES,165.167,Thermister,490861,,f,a,1,1,41,18.6,115.6,69,29.5,42.6,,Light,,,,6.9,,3,STAEDLER,NO,NO,,,,,,,,MBA Davit,36?37.142,-121?54.039
N-1430-10-S,19-Apr-12,5-167,590,MON,TINKER/ESTES,15:33,MBIN,MON,36.632533,-121.918667,YES,KENNER,Wilson Traps/ Divers,NO,NO,YES,YE-1/2-MBA 142,YES,YE-4/5-mba143,YES,,NO,4772003466,YES,165.167,Thermister,490861,,f,a,2,2,49.6,22.5,116.3,79.2,29,42.7,,,,,,,,5,STAEDLER,NO,NO,,,,,,,,MBA Davit,36?37.142,-121?54.039
N-1431-10-S,1-Feb-10,1154-10,541,Mon,TINKER/ESTES,13:22,CYPP,MON,36.5776,-121.97865,NO,Ames / Weitzman,Wilson Traps/ Divers,NO,YES,YES,OR-12-199,YES,LG-4/5-81,YES,,NO,4800476B0F,YES,,,,,f,a,1,1,51.8,23.5,112,74.5,26.4,42.6,,Very Light,,,,7.2,,5,STAEDLER,NO,NO,,,,,,,,MBA Davit,,
N-1432-10-S,1-Feb-10,5-217,542,MON,TINKER/ESTES,13:22,CYPP,MON,36.5776,-121.97865,NO,Weitzman,Wilson Traps/ Divers,NO,YES,NO,TQ-4/5-MBA 201,YES,LG-4/5-79,YES,,NO,4802064671,YES,165.217,Thermister,790348,,f,a,2,3,41,18.6,110.6,70.2,28.2,43.5,,Moderate,,,,7,,6,STAEDLER,NO,NO,,,Temple to Temple 90.39 mm; Lambdoidal crest = 178,,,,,Shore Release,36?35.002,-121?58.345
N-1433-10-S,2-Feb-10,Jack,543,MON,TINKER/ESTES,12:37,MBIN,MON,36.612317,-121.895067,NO,Weitzman,Wilson Traps/ Divers,NO,YES,NO,PI-4/5-MBA 125,YES,PI-12-126,YES,,NO,477A30265D,YES,166.28,Thermister,690103,,m,a,3,1,77.8,35.3,134.4,81.6,30.6,48.6,17.5,Light,,,,8.2,,6.5,MURRAY,NO,YES,,,Temple to temple: 106.11       Lambdoindal Crest: 205,,,,,MBA Davit,36?37.142,-121?54.039
N-1433-10-S,11-Feb-11,Jack,586,MON,TINKER/ESTES,9:40,MBIN,MON,36.61255,-121.89525,YES,Hatfield,Wilson Traps/ Divers,NO,YES,NO,PI-4/5-MBA 124,YES,PI-12-130,YES,,NO,477A30265D,YES,166.28,Thermister,removed,Caught for TDR removal,m,a,2,1,79.1,35.9,135.7,82.1,32.2,47.6,22.6,Moderate,,,,,,7.5,STAEDLER,NO,NO,,,,,,,,Shore Release,36?37.142,-121?54.039
N-1434-10-S,7-Jun-10,6-765,545,MON,TINKER/ESTES,10:10,Lovers Point,MON,36.6254,-121.9122,NO,Hatfield,Wilson Traps/ Divers,NO,NO,NO,RE-1/2-MBA 115,YES,PU-4/5-31,YES,,NO,477B2B0B0D,YES,166.765,Thermister,690100,,f,a,3,3,40.3,18.3,116,68.5,30,39.3,,Moderate,,,,7,,7.5,STAEDLER,NO,NO,,,Lambdoidal crest to nose = 22.6 mm; Temple to temple = 96.36,,,,,Boat Release,36?37.543,-121?54.698
N-1434-10-S,2-Sep-11,6-765,530,MON,TINKER/ESTES,13:10,OPW,MON,36.6344,-121.921083,YES,Weitzman,Wilson Traps/ Divers,NO,NO,NO,RE-1/2-MBA 195,YES,PU-4/5-29,YES,,NO,477B2B0B00,YES,166.765,Thermister,690100,,f,a,4,3,48.3,21.9,117,74.5,28.2,40.2,,,,,,,,8,TINKER/STAEDLER,NO,NO,,,"pregnant, unable to perform explant surgery",,,,,MBA Davit,36?37.142,-121?54.039
N-1435-10-S,28-Jul-10,6-243,547,MON,TINKER/ESTES,11:22,CYPG,MON,36.5784,-121.97735,NO,Hatfield,Wilson Traps/ Divers,NO,YES,NO,YE-1/2-MBA 130,YES,LG-1/2-60,YES,,NO,476C336B25,YES,166.243,Thermister,790334,,f,a,2,3,41.9,19,118.4,72.1,29.8,46.4,,Moderate,LL I2,FX R U C,"R L PM2,",7.3,"See above, commensurate w/ biting trap",6,MURRAY,NO,NO,,,Lambdoidal crest to nose: 18.9 mm; Temple to temple = 89.42 mm,,,,,Boat Release,36?34.704,-121?58.641
N-1435-10-S,12-Jan-12,6-243,32,MON,TINKER/ESTES,,PPE,MON,36.639983,-121.934417,NO,Hatfield,Wilson Traps/ Divers,NO,NO,YES,YE-1/2-MBA 136,YES,LG-1/2-76,YES,,NO,476C336B25,YES,166.243,Thermister,790334,No surgery performed = pregnant,f,a,2,3,43.7,19.8,119,71.1,29,45.1,,,,,,,,10,STAEDLER,NO,NO,,,No surgery performed = pregnant,,,,,Shore Release,36?38.216,-121?55.761
N-1442-10-S,25-Sep-10,6-503B,n/a,MON,TINKER/ESTES,,,,,,NO,,,NO,NO,NO,WH-45-,NO,TQ-45-,NO,,NO,,NO,166.503,,,,m,,,,,,,,0,,,,,,,,,,,NO,NO,,,,,,,,,,
N-1447-10-S,16-Dec-10,Brian,565,MON,TINKER/ESTES,14:05,HMSE,MON,36.622617,-121.90105,NO,Hatfield,Wilson Traps/ Divers,NO,YES,NO,RE-45-156,YES,TQ-12-248,YES,,NO,4772304A71,YES,166.193,Thermister,,,m,a,4,1,70.3,31.9,130.5,82.3,29.9,49.1,22.4,Very Light,,,,8.3,,4.5,VIENS,NO,NO,,,,,,,,MBA Davit,36?37.142,-121?54.039
N-1448-11-S,3-Feb-11,1171-11,568,MON,TINKER/ESTES,10:56,ELTO,MON,36.623333,-121.891667,NO,,Wilson Traps/ Divers,NO,NO,YES,WH-45-120,YES,RE-12-120,YES,,NO,4769315E3E,NO,,,,,f,a,1,1,56.7,25.7,117.4,77.4,27.3,41.5,,Light,,,,6.9,,4,VIENS,NO,NO,,,very pregnant!,,,,,MBA Davit,,
N-1449-11-S,3-Feb-11,Joe,566,MON,TINKER/ESTES,13:01,OPE,MON,36.6343,-121.9191,NO,Hatfield,Wilson Traps/ Divers,NO,NO,NO,RE-4/5-MBA 126,YES,LB-45-303,YES,,NO,4802364E4C,YES,166.231,Thermister,,,m,a,2,3,64.4,29.2,127,79.4,31,48.1,22,Heavy,,,,8.5,,7,VIENS,NO,NO,,,,,,,,Shore Release,36?37.864,-121?55.327
N-1450-11-S,11-Feb-11,1173-11,567,MON,TINKER/ESTES,11:51,OPE,MON,,,NO,,Wilson Traps/ Divers,NO,NO,NO,RE-12-197,YES,CH-12-121,YES,,NO,476B0F3B4D,YES,,,,Nose twisted severely in Wilson trap net and had to be anesthsized to get her out.  She came to MBA in trap and brought to AHL,f,a,1,3,40.3,18.3,113.3,69.2,27.2,42.3,,Very Light,,,,7.1,,4,MURRAY,NO,NO,,,,,,,,Boat Release,,
